"Total debt service (% of exports of goods, services and primary income)",Short-term debt (% of total external debt),Real interest rate (%),Total reserves minus gold (in %),Trade (% of GDP),Imports of goods and services (current US$),Exports of goods and services (current US$),Current account balance (% of GDP),"Portfolio investment, net (BoP, current US$)","Foreign direct investment, net inflows (% of GDP)",Real GDP (current US$),GDP growth (annual %),"Inflation, consumer prices (annual %)",Broad money growth (annual %),Broad money to total reserves ratio,REER 5 Year rolling,General government final consumption expenditure (% of GDP),Gross fixed capital formation (current US$),"Unemployment, total (% of total labor force) (national estimate)",Domestic credit to private sector (% of GDP),Lending interest rate (%),Deposit interest rate (%),Contagion,Soft peg,Peg,Real GDP growth (Annual percent change),Left Government (democ),Polity (polity),Durable (durable),Turnover (xconst),Legislative/Executive election (exrec),State fragility index (sfi),Years (poleff),Economic Effectiveness (ecoeff),Presist (presistance),Target
0,0,0.511704643,1,0.380782594,0.002562635,0.003350459,0.453848764,0.206589346,0.038335714,0.036627548,0.714046896,0.090271888,0.149380878,0.111780958,0.545662915,0.035806591,0.000231357,0.361044611,0.546186091,0.100518126,0.001030793,0,0,1,0.685534842,1,1,0.775862069,1,1,0.166666667,0,0,1,0
0,0,0.512088458,0.848366907,0.371018009,0.003331127,0.003960996,0.461811306,0.206589346,0.038639931,0.036995968,0.635397128,0.091196707,0.149482924,0.111899152,0.54784935,0.004943209,0.000779175,0.350075808,0.545741095,0.100348479,0.001024764,0,0,1,0.680920674,1,1,0.784482759,1,1,0.166666667,0,0,1,0
0,0,0.511336986,0.664416784,0.33893112,0.004087459,0.005053589,0.469933076,0.206589346,0.048813516,0.037574395,0.771796792,0.091350785,0.14966184,0.111975068,0.547519191,0.008116832,0.00120253,0.338332821,0.545590342,0.100207735,0.001418135,0,0,1,0.690216169,1,1,0.793103448,1,1,0.166666667,0,0,1,0
0,0,0.509767171,0.472346311,0.347603424,0.00680295,0.007775751,0.476156401,0.206589346,0.073088206,0.038506923,0.840342764,0.088578125,0.149760714,0.111813456,0.545435718,0,0.002059021,0.338222632,0.545994473,0.100131633,0.002490094,0,0,1,0.667281886,1,1,0.801724138,1,1,0.166666667,0,0,1,0
0,0,0.508391062,0.404583963,0.356862145,0.008622046,0.009475638,0.483779626,0.206589346,0.043774008,0.039283578,0.43493309,0.085951602,0.149883099,0.11153933,0.542457554,0.04878836,0.002691769,0.33505535,0.546809491,0.10021555,0.003624153,0,0,1,0.681354069,1,1,0.810344828,1,1,0.166666667,0,0,1,0
0,0,0.508230167,0.379547407,0.339809783,0.008805525,0.009804057,0.488983324,0.206589346,0.0794314,0.039998699,0.355889704,0.084812681,0.149916608,0.111175962,0.539635019,0.061822164,0.002730511,1,0.547632851,0.10028947,0.004416977,0,0,0,0.702137744,1,1,0.818965517,1,1,0.166666667,0,0,1,0
0,0,0.508468847,0.295489371,0.356224651,0.011980315,0.013988331,0.497973695,0.206589346,0.049637735,0.041117028,1,0.085025647,0.149913463,0.110720934,0.538025149,0.019579182,0.003622518,0.53837638,0.548399742,0.100434977,0.004986803,0,0,0,0.704718135,1,1,0.827586207,1,1,0.166666667,0,0,1,0
0,0,0.509174178,0.240808569,0.337424783,0.014624601,0.016105428,0.501791892,0.206589346,0.045573273,0.043027614,0.817581988,0.08652212,0.14951128,0.110166319,0.538292417,0.029902411,0.005648422,0.460885627,0.549080923,0.100387018,0.005178512,0,0,0,0.686090206,1,1,0.836206897,1,1,0.166666667,0,0,1,0
0,0,0.511895658,0.205768586,0.360800372,0.019286591,0.019534553,0.502460611,0.206589346,0.060115878,0.043969581,0.675178981,0.088041525,0.148803122,0.10952935,0.540903043,0.039092999,0.007450159,0.160885612,0.553003285,0.10244276,0.005189933,0,0,0,0.673978218,1,1,0.844827586,1,1,0.166666667,0,0,1,0
0,0,0.517592456,0.167193759,0.379136952,0.025312443,0.025558049,0.501085731,0.206589346,0.064662189,0.044902535,0.810637241,0.089858723,0.14805775,0.112213252,0.546082977,0.02432914,0.01078217,0.216236152,0.5493456,0.103548,0.005079978,0,0,0,0.669236417,1,1,0.853448276,1,1,0.166666667,0,0,1,0
0,0,0.520101447,0.131127065,0.379222238,0.033323684,0.032791692,0.312586238,0.206589346,0.057664805,0.048084771,0.75110221,0.09068314,0.147367757,0.113278021,0.553587762,0.033033079,0.015401005,0.250553515,0.543551478,0.101738336,0.004647338,0,0,0,0.814977974,1,1,0.862068966,1,1,0.166666667,0,0,1,0
0,0,0.515926605,0.123369438,0.389961418,0.037182768,0.036129204,0.365471966,0.206589346,0.127957023,0.049975397,0.716275059,0.090962968,0.149704106,0.113540212,0.562503888,0.125425669,0.016883765,0.154243539,0.539887323,0.098935923,0.003821766,0,0,0,0.766519824,1,1,0.870689655,1,1,0.166666667,0,0,1,0
0,0,0.503822272,0.12113902,0.358498158,0.035319185,0.035181766,0.407138212,0.206589346,0.080687909,0.050747556,0.456902881,0.110278629,0.15050787,0.113520436,0.571900139,0.157387458,0.016228882,0.189667899,0.539196482,0.097537631,0.00419095,0,0,0,0.488986784,1,1,0.879310345,1,1,0.166666667,0,0,1,0
0,0,0.494069016,0.125189022,0.398745836,0.03582458,0.036152195,0.430861851,0.206589346,0.080608832,0.05039956,0.581314588,0.102294545,0.150707477,0.113317481,0.543887435,0.169005769,0.011986757,0.218450172,0.540401151,0.098312718,0.00844051,0,1,0,0.625550661,1,1,0.887931035,1,1,0.166666667,0,0,1,0
0,0,0.494629977,0.10892385,0.430609519,0.042058853,0.045095559,0.565324351,0.206589346,0.080896091,0.051360864,0.745578418,0.093199717,0.151808832,0.112886061,0.52251752,0.122145979,0.012093576,0.197416969,0.543781301,0.098518802,0.011253664,0,1,0,0.801762115,1,1,0.896551724,1,1,0.166666667,0,0,1,0
0,0,0.506621212,0.10229757,0.425656785,0.043916047,0.048112116,0.575516094,0.206589346,0.003717734,0.053286804,0.36678454,0.055306203,0.150947199,0.109874116,0.509697749,0.139400477,0.012175786,0.336900374,0.550844045,0.099218414,0.014781268,0,1,0,0.392070485,1,1,0.905172414,1,1,0.166666667,0,0,1,0
0,0,0.510855649,0.091399956,0.431538202,0.051778113,0.055994728,0.557059617,0.206589346,0.093578828,0.056441105,0.790057519,0.054433323,0.151351723,0.108249822,0.508587127,0.137361822,0.014560906,0.297047961,0.556589711,0.101222554,0.017845938,0,1,0,0.850220264,1,1,0.913793103,1,1,0.166666667,0,0,1,0
0,0,0.516227484,0.077508396,0.466305644,0.068921053,0.07477464,0.582881556,0.206589346,0.223835472,0.060142335,0.886326332,0.071145629,0.150318722,0.106815536,0.520316578,0.083697376,0.020079497,0.176383766,0.55751317,0.101176506,0.017587697,0,1,0,0.95154185,1,1,0.922413793,1,1,0.166666667,0,0,1,0
0,0,0.539110465,0.069540863,0.504341304,0.088846742,0.094304374,0.556631393,0.206589346,0.156477522,0.064641416,0.68548398,0.087581247,0.149875719,0.105260596,0.541232366,0.071007619,0.025700229,0.135424356,0.557602436,0.102181058,0.017013965,0,1,0,0.735682819,1,1,0.931034483,1,1,0.166666667,0,0,1,0
0,0,0.574560434,0.064859182,0.489925739,0.098568022,0.107204111,0.614848517,0.206589346,0.066177767,0.067772413,0.429252604,0.104479785,0.144685079,0.103510949,0.569619927,0.087469776,0.030456731,0.103321039,0.557255087,0.09981152,0.016293926,0,1,0,0.462555066,1,1,0.939655172,1,1,0.166666667,0,0,1,0
0,0,0.545191359,0.033017453,0.491813415,0.112410755,0.118961059,0.551428465,0.206589346,0.087865717,0.073793032,0.493101983,0.106274385,0.140305228,0.101885712,0.603062252,0.12643934,0.034648009,0.088191888,0.600071637,0.127111661,0.017454446,0,1,0,0.528634361,1,1,0.948275862,1,1,0.166666667,0,0,1,0
0,0,0.474178182,0.033486213,0.505572363,0.134905762,0.140229407,0.511153949,0.206589346,0.035590837,0.07913315,0.570009579,0.111665103,0.139113293,0.144420086,0.636140398,0.148854492,0.04041754,0.184132836,0.505453374,0.116810878,0.018986959,0,1,0,0.612334802,1,1,0.956896552,1,1,0.166666667,0,0,1,0
0,0,0.382778938,0.03490153,0.524968216,0.165479074,0.169241064,0.483212299,0.206589346,0.078971267,0.086342417,0.591909638,0.100576146,0.139087839,0.12605525,0.660581273,0.186922151,0.049103888,0.201845022,0.47402202,0.080022367,0.020997417,0,1,0,0.634361234,1,1,0.965517241,1,1,0.166666667,0,0,1,0
0,0,0.396536459,0.036981582,0.510508306,0.184950836,0.191848069,0.520425009,0.206589346,0.113087426,0.095154065,0.590524913,0.0943209,0.177740293,0.116686504,0.675258908,0.175564467,0.056505244,0.201845022,0.495917461,0.065306963,0.02183997,0,1,0,0.634361234,1,1,0.974137931,1,1,0.166666667,0,0,1,0
0,0,0.500239589,0.037556014,0.518622753,0.217341624,0.214735793,0.40116448,0.206589346,0.113189908,0.10462564,0.583739724,0.093842732,0.160153029,0.113283114,0.235747686,0.180599491,0.069560936,0.195202949,0.530906392,0.080758138,0.037177788,0,1,0,0.625550661,1,1,0.982758621,1,1,0.166666667,0,0,1,0
0,0,0.626533557,0.03968811,0.564299694,0.256424714,0.24214833,0.284665999,0.206589346,0.088505404,0.110909934,0.433228582,0.096342178,0.153102769,0.110882028,0.287448461,0.217855191,0.076357808,0.341328414,0.554857181,0.10761375,0.059163236,0,1,0,0.466960352,1,1,0.99137931,1,1,0.166666667,0,0,1,0
0,0,0.553200027,0.041422027,0.536043486,0.266912921,0.257870581,0.36519362,0.206589346,0.126392151,0.117313546,0.510689382,0.07571595,0.165025088,0.107709013,0.368680268,0.226870466,0.086686638,0.298154972,0.584343097,0.100991818,0.048798041,0,1,0,0.550660793,1,1,1,1,1,0.166666667,0,0,1,0
0,0,0.569945831,0.054401366,0.509267665,0.285032041,0.270780221,0.325518618,0.206589346,0.124050919,0.126553102,0.545262991,0.072042844,0.14060761,0.073730786,0.496370286,0.21915495,0.103587659,0.230627308,0.635596977,0.10761375,0.062850385,1,1,0,0.585903084,0.897959184,0.826530612,0.413793103,0.957894737,0.947916667,1,0,1,0.446808511,0
0,0,0.767940277,0.055193996,0.480395614,0.252643579,0.248311,0.450624412,0.206589346,0.155045106,0.126382214,0.093898636,0.050958609,0.156206005,0.088758289,0.649340532,0.294484791,0.089302145,0.491881907,0.625537704,0.125272235,0.069633751,0,1,0,0.101321586,0.897959184,0.826530612,0.422413793,0.957894737,0.947916667,0.916666667,0,1,0.446808511,0
0,0,0.929060127,0.06040747,0.478375789,0.241727558,0.247866742,0.556417281,0.147360196,0.273421211,0.129531327,0.438695106,0,0.137922708,0.089604105,0.771306031,0.339587568,0.074719191,0.676752762,0.568594678,0.100623933,0.047279685,0,1,0,0.471365639,0.897959184,0.826530612,0.431034483,0.957894737,0.947916667,0.916666667,0,1,0.446808511,0
0,0,0.928223459,0.065221663,0.542612842,0.283397387,0.287222676,0.512845435,0.193702524,0.70660469,0.132244014,0.650625453,0.002384702,0.144559692,0.086601316,0.881883099,0.32083123,0.079550664,0.5295203,0.558673625,0.114235682,0.050456823,0,1,0,0.700440529,0.897959184,0.826530612,0.439655172,0.957894737,0.947916667,1,0,1,0.446808511,0
0,0,0.775075656,0.068336633,0.526648319,0.271432238,0.276044549,0.550208025,0.547907964,0.326810139,0.129449411,0.358719745,0.017309524,0.082397389,0.082515184,0.970927829,0.385034941,0.076363004,0.548339496,0.553086903,0.071377068,0.024934395,0,1,0,0.387665198,0.897959184,0.826530612,0.448275862,0.957894737,0.947916667,0.833333333,0,0.666666667,0.446808511,0
0,0,0.776206714,0.070067061,0.562184068,0.279779642,0.291694953,0.587827549,0.534432386,0.084489157,0.129229366,0.403750389,0.007555354,0.087747022,0.082382869,1,0.41819552,0.065963194,0.790774925,0.539802924,0.040658661,0.003528204,0,1,0,0.436123348,0.897959184,0.826530612,0.456896552,0.957894737,0.947916667,0.916666667,0.333333333,0.666666667,0.446808511,0
0,0,0.878827825,0.076437527,0.647714426,0.310533193,0.323202182,0.650498208,0.508492217,0.209700088,0.128719537,0.461279086,0.009832659,0.124810077,0.083063988,0.9294309,0.445658386,0.060844088,0.854981558,0.541930929,0.038819236,0.000596811,0,1,0,0.497797357,0.897959184,0.826530612,0.465517241,0.957894737,0.947916667,0.833333333,0,0.666666667,0.446808511,0
0,0,0.780689783,0.076140797,0.728384375,0.365639491,0.377064396,0.63219161,0.53499891,0.23693051,0.130967644,0.69322809,0.027494083,0.137421409,0.08708746,0.836712901,0.396557479,0.064301116,0.730996279,0.535959086,0.039187121,0.000157979,0,1,0,0.744493392,0.897959184,0.826530612,0.474137931,0.957894737,0.947916667,0.833333333,0,0.666666667,0.446808511,0
0,0,0.690124901,0.071285486,0.765563897,0.408051819,0.428409802,0.674007734,0.49264962,0.395542298,0.134632662,0.639310661,0.035600659,0.11740802,0.092400859,0.73584742,0.311484338,0.067761931,0.602583013,0.529317665,0.060156572,0.013173716,0,1,0,0.68722467,0.897959184,0.826530612,0.482758621,0.957894737,0.947916667,0.833333333,0,0.666666667,0.446808511,0
0,0,0.765311112,0.071684201,0.80431827,0.458304263,0.476695631,0.690323088,0.466469744,0.406304194,0.141626174,0.62469992,0.044241949,0.177289715,0.100542759,0.612816699,0.274887074,0.075832028,0.512915123,0.503604082,0.09032315,0.028330949,0,1,0,0.669603524,0.897959184,0.826530612,0.49137931,0.957894737,0.947916667,0.833333333,0,0.666666667,0.446808511,0
0,0,0.616756353,0.075174022,0.811217346,0.506203279,0.52477381,0.697645728,0.332942509,0.509810062,0.147333141,0.601361509,0.044497959,0.182823526,0.100674852,0.497810272,0.247918013,0.076228371,0.42878231,0.503114071,0.084069104,0.025417109,0,1,0,0.647577093,0.897959184,0.826530612,0.5,0.957894737,0.947916667,0.833333333,0,0.666666667,0.446808511,0
0,0,0.605793687,0.086790694,0.845251343,0.547134148,0.564359048,0.741131928,0.521238953,0.530192477,0.153657551,0.42312079,0.061195403,0.102836018,0.08315478,0.417546281,0.267142669,0.078749542,0.378966781,0.51776839,0.044337513,0.004616505,0,1,0,0.453744493,0.897959184,0.826530612,0.50862069,0.957894737,0.947916667,0.75,0,0.666666667,0.446808511,0
0,0,0.655788291,0.124835979,0.778955584,0.496072866,0.507230227,0.630371655,0.540944023,0.442551017,0.152767683,0.234599414,0.033782265,0.123967268,0.056909351,0.377175583,0.307305241,0.076539294,0.567158693,0.579296889,0.038819236,8.78E-06,0,1,0,0.251101322,0.897959184,0.826530612,0.517241379,0.957894737,0.947916667,0.666666667,0,0.666666667,0.446808511,0
0,0,0.631806684,0.116838921,0.911205768,0.62119186,0.624817551,0.568621679,0.63228148,0.62439781,0.160002997,0.613809845,0.046396293,0.128901198,0.056909351,0.342168196,0.281782341,0.08715553,0.46420663,0.701845637,0.038819236,0,0,1,0,0.660792952,0.897959184,0.826530612,0.525862069,0.957894737,0.947916667,0.666666667,0,0.666666667,0.446808511,0
0,0,0.502700853,0.119916669,0.951284904,0.707798498,0.704214337,0.538110682,0.332996718,0.666578569,0.16594113,0.533544788,0.068572593,0.1609688,0.062551955,0.308244992,0.270425948,0.102571082,0.363468641,0.769756121,0.038819236,0,0,1,0,0.572687225,0.897959184,0.826530612,0.534482759,0.957894737,0.947916667,0.583333333,0,0.333333333,0.446808511,0
0,0,0.514870478,0.126205602,0.971727398,0.768622523,0.754792105,0.452637068,0.347559042,0.495626738,0.173903845,0.405547298,0.059360515,0.144638998,0.06137427,0.303129673,0.300031292,0.117133506,0.349077484,0.754470967,0.038819236,0,0,1,0,0.436123348,0.897959184,0.826530612,0.543103448,0.957894737,0.947916667,0.583333333,0,0.333333333,0.446808511,0
0,0,0.575803915,0.117872673,1,0.830657502,0.813600351,0.451352394,0.593594797,0.484921267,0.183452947,0.463135644,0.061451877,0.152040277,0.072514874,0.326050983,0.314583662,0.116706579,0.361254621,0.834240013,0.038819236,0,0,1,0,0.497797357,0.897959184,0.826530612,0.551724138,0.957894737,0.947916667,0.5,0,0.333333333,0.446808511,0
0,0,0.539052751,0.117699589,0.960953093,0.84590178,0.827072625,0.448611757,0.370158257,0.765198804,0.19029432,0.449197637,0.062082427,0.139287883,0.075309779,0.355759866,0.329340307,0.120255341,0.350184494,0.895403579,0.038819236,0,0,1,0,0.484581498,0.897959184,0.826530612,0.560344828,0.957894737,0.947916667,0.5,0,0.333333333,0.446808511,0
0,0,0.511459092,0.121112017,0.875160631,0.816127287,0.807068364,0.489849779,1,1,0.198513249,0.433802789,0.051534498,0.127985781,0.073061678,0.417272827,0.341959103,0.121729217,0.351291504,0.792540487,0.038819236,0,0,1,0,0.466960352,0.897959184,0.826530612,0.568965517,0.957894737,0.947916667,0.5,0,0.333333333,0.446808511,0
0,0,0.582048015,0.125756764,0.833686639,0.807946968,0.79899332,0.503574375,0.651448381,0.714454669,0.208123094,0.425076794,0.047253326,0.126476535,0.071876997,0.4882684,0.366035695,0.12110894,0.360147611,0.818552647,0.038819236,0,0,1,0,0.45814978,0.897959184,0.826530612,0.577586207,0.957894737,0.947916667,0.5,0,0.333333333,0.446808511,0
0,0,0.537991442,0.132076079,0.845577108,0.874260066,0.858554597,0.516656634,0.142409738,0.635539296,0.216826347,0.491682093,0.0405141,0.167012845,0.072460925,0.542285308,0.356351775,0.129894196,0.331365324,0.855418714,0.038819236,0,0,1,0,0.528634361,0.897959184,0.826530612,0.586206897,0.957894737,0.947916667,0.583333333,0,0.333333333,0.446808511,0
0,0,0.512326669,0.122602219,0.845804919,0.930042508,0.90738738,0.498885316,0.749110429,0.467237223,0.226194429,0.45267287,0.047229966,0.109463563,0.07737509,0.577188902,0.363636875,0.137381392,0.297047961,0.841342548,0.039555006,0.000359842,0,1,0,0.484581498,0.897959184,0.826530612,0.594827586,0.957894737,0.947916667,0.583333333,0,0.333333333,0.446808511,0
0,0,0.571124534,0.126981999,0.791534593,0.871688384,0.858970543,0.544769574,0.473611009,0.286237079,0.230115218,0.266693138,0.050742079,0.115333142,0.078281805,0.620332652,0.436750353,0.116649651,0.309225098,0.909805762,0.040658661,0.0013516,0,1,0,0.286343612,0.897959184,0.826530612,0.594827586,0.957894737,0.947916667,0.583333333,0,0.333333333,0.446808511,0
0,0,0.620626161,0.149023057,0.784434147,0.81996976,0.809792011,0.568364745,0.69242242,0.588778885,0.223120911,0.068667507,0.031364074,0.123250474,0.074223929,0.653790426,0.576530774,0.102867996,0.630258289,1,0.038819236,0.000509044,0,1,0,0.074889868,0.897959184,0.826530612,0.594827586,0.957894737,0.947916667,0.583333333,0,0.333333333,0.446808511,0
0,0,0.622907933,0.141030039,0.907286476,1,1,0.658655885,0.89140969,0.588778885,0.235951682,0.59945843,0.041065393,0.123250474,0.074223929,0.66402831,0.564382274,0.113151273,0.630258289,1,0.038819236,0.00010532,0,1,0,0.643171806,0.897959184,0.826530612,0.594827586,0.957894737,0.947916667,0.583333333,0,0.333333333,0.446808511,0
0,0,0.704014636,0.006587139,0.038007931,0.000722162,0,0.320111934,0.324793881,0.028620909,0.038937287,0.748821898,0.146939369,0.261663723,0.12318949,0.791412881,0.361258183,0.003032103,0.484132863,0.081262908,0.125403842,0.089066022,0,0,1,0.687845069,0.93877551,0.928571429,0.060344828,0.957894737,1,0.333333333,0.666666667,0,0.095744681,0
0,0,0.703542384,0.004116796,0.045347078,0.001237384,0.000300514,0.321126501,0.324621701,0.02342945,0.039555604,0.769074457,0.128986652,0.219090081,0.198958136,0.790841226,0.383236996,0.003006721,0.490774923,0.089648887,0.125286033,0.088986646,0,0,1,0.691097334,0.93877551,0.928571429,0.068965517,0.957894737,1,0.333333333,0.666666667,0,0.095744681,0
0,0,0.703125754,0.00457551,0.050865335,0.001305729,0.001031069,0.325676386,0.32434247,0.09305891,0.039750458,0.632168449,0.11556823,0.303032201,0.193746981,0.790623002,0.405432527,0.003036875,0.492988943,0.086978001,0.125054255,0.088831099,0,0,1,0.712801044,0.897959184,0.806122449,0,0.936842105,0.947916667,0.333333333,0.666666667,0,0.095744681,0
0,0,0.702945084,0.006213076,0.08262283,0.003366464,0.003054452,0.32946113,0.323711321,0.016785019,0.041378434,0.947969198,0.053229037,0.319862637,0.14854398,0.79119751,0.283614516,0.004888505,0.432103314,0.087352419,0.124699439,0.088595921,0,0,1,0.722417109,0.897959184,0.816326531,0.00862069,0.936842105,0.947916667,0.333333333,0.666666667,0,0,0
0,0,0.703545392,0.001013633,0.091894508,0.007015822,0.004421369,0.340229362,0.323986242,0.016472481,0.042176873,0.726591644,0.208438581,0.239749009,0.617824859,0.794533043,0.339074783,0.008332802,0.44428045,0.094795954,0.124548645,0.088521513,0,0,1,0.720952835,0.897959184,0.816326531,0.017241379,0.936842105,0.947916667,0.333333333,0.666666667,0,0.085106383,0
0,0,0.704894851,0.003287556,0.08826031,0.0074483,0.005208386,0.356102806,0.324225062,0.016763453,0.043858533,0.657878662,0.215395876,0.266897855,0.231447932,0.794766011,0.453110381,0.009420411,0.447601454,0.084619859,0.124669868,0.088633787,0,0,1,0.732459335,0.897959184,0.816326531,0.025862069,0.936842105,0.947916667,0.333333333,0.666666667,0,0.085106383,0
0,0,0.706182807,0.006435188,0.088022944,0.009705864,0.008809635,0.396631652,0.325095163,0.020853959,0.047664291,0.879051842,0.142352823,0.300894115,0.111719256,0.794948718,0.431218866,0.012890339,0.406642057,0.072704119,0.125436061,0.089083713,0,0,1,0.748146461,0.897959184,0.816326531,0.034482759,0.936842105,0.947916667,0.333333333,0.666666667,0,0.085106383,0
0,0,0.706708717,0.00761952,0.08812865,0.012767141,0.011984809,0.419497033,0.325116704,0.020410429,0.052794451,0.842660368,0.10384592,0.341155563,0.101641625,0.793688184,0.422170595,0.018868238,0.406642057,0.06992673,0.126017425,0.089423676,0,0,1,0.759956576,0.897959184,0.816326531,0.043103448,0.936842105,0.947916667,0.333333333,0.666666667,0,0.085106383,0
0,0,0.70648574,0.0051033,0.088814366,0.018874167,0.015954533,0.374129418,0.325267487,0.019179098,0.057043768,0.785821028,0.135969903,0.310513534,0.156583324,0.791557548,0.362624235,0.029795435,0.335793364,0.081055281,0.126335106,0.089668209,0,0,1,0.752794262,0.897959184,0.816326531,0.051724138,0.936842105,0.947916667,0.333333333,0.666666667,0,0.085106383,0
0,0,0.705431157,0.004161676,0.089581152,0.026378867,0.019749804,0.286069796,0.325450582,0.020619283,0.06468891,0.692043728,0.164409993,0.243294213,0.180745454,0.790002218,0.356319948,0.039810475,0.406642057,0.091718348,0.126326416,0.089673912,0,0,1,0.756507809,0.897959184,0.816326531,0.060344828,0.936842105,0.947916667,0.333333333,0.666666667,0,0.085106383,1
0,0,0.70367388,0.004216412,0.115354782,0.031267208,0.023434956,0.194726486,0.324774748,0.017511112,0.061798259,0.268032091,0.240781867,0.258245221,0.183688536,0.787820086,0.515735976,0.0370098,0.56051658,0.111734563,0.125928375,0.089417151,0,1,0,0.290748899,0.897959184,0.816326531,0.068965517,0.936842105,0.947916667,0.333333333,0.666666667,0,0.085106383,1
0,0,0.701707098,0.003382233,0.11910947,0.035185181,0.027753235,0.230299419,0.325362804,0.01987527,0.068149342,0.633476027,0.186702505,0.246145033,0.232893552,0.785564144,0.528496443,0.036452537,0.484132863,0.113418163,0.125140636,0.088890617,0,1,0,0.678414097,0.897959184,0.846938776,0,0.957894737,0.947916667,0.333333333,0.666666667,0,0.085106383,1
0,0,0.699932772,0.003283373,0.102916511,0.033305964,0.027231591,0.267393222,0.325572286,0.018894075,0.074995939,0.678351757,0.082453938,0.259000921,0.265421135,0.784553019,0.506325117,0.04015534,0.467527687,0.127409262,0.123990139,0.088113506,0,1,0,0.726872247,0.897959184,0.846938776,0.00862069,0.957894737,0.947916667,0.333333333,0.666666667,0,0.063829787,0
0,0,0.697875352,0.002330475,0.09748158,0.034128262,0.031269904,0.333301297,0.322555538,0.019830619,0.080617547,0.885410906,0.054698338,0.182836516,0.352740485,0.788222541,0.455233631,0.045997532,0.43542437,0.125300679,0.122504696,0.087120083,0,1,0,0.95154185,0.897959184,0.846938776,0.017241379,0.957894737,0.947916667,0.333333333,0.666666667,0,0.063829787,0
0,0,0.698126197,0.00248771,0.096204371,0.036046264,0.036220997,0.380275014,0.320991697,0.020149974,0.085929892,0.769326261,0.046256902,0.134056551,0.313352863,0.797517102,0.411931986,0.05024763,0.405535047,0.123437854,0.120796459,0.086008967,0,1,0,0.828193833,0.897959184,0.846938776,0.025862069,0.957894737,0.947916667,0.333333333,0.666666667,0,0.063829787,0
0,0,0.700777044,0.002496821,0.085153024,0.033811582,0.034934621,0.374878058,0.316137544,0.022196624,0.088160586,0.657834715,0.047619952,0.185297894,0.322492444,0.807182769,0.416735451,0.051870519,0.425461254,0.133904217,0.122889916,0.08770302,0,1,0,0.704845815,0.897959184,0.846938776,0.034482759,0.957894737,0.947916667,0.333333333,0.666666667,0,0.063829787,0
0,0,0.710749084,0.002505848,0.102630548,0.043044545,0.048447141,0.469448142,0.327285294,0.026119983,0.09572846,0.801203259,0.049761287,0.203535524,0.325597468,0.809838247,0.389680044,0.059793657,0.406642057,0.13120902,0.126003319,0.089868802,0,1,0,0.859030837,0.897959184,0.846938776,0.043103448,0.957894737,0.947916667,0.333333333,0.666666667,0,0.063829787,0
0,0,0.721088367,0.002066488,0.109417781,0.055098368,0.067333157,0.546584135,0.327090891,0.025828694,0.112083356,0.858594737,0.051967462,0.207501137,0.387234047,0.806297559,0.368227056,0.078162093,0.326937258,0.133904491,0.133864188,0.094032901,0,1,0,0.920704846,0,0,0,0,0,0.333333333,0.666666667,0,0.063829787,0
0,0,0.721638277,0.006013489,0.099338225,0.069612198,0.085123382,0.555687738,0.331312292,0.027191239,0.136572579,0.828347067,0.082124507,0.223323224,0.142850596,0.797141204,0.362865525,0.107272288,0.263837635,0.126045024,0.132412421,0.093163273,0,1,0,0.889867841,0.969387755,0.959183674,0,0.989473684,0.989583333,0.333333333,0.666666667,0,0.010638298,0
0,0,0.71301964,0.005987432,0.085755027,0.084342701,0.088738498,0.451487441,0.329321411,0.025760394,0.162163315,0.626354336,0.07147988,0.212436943,0.153282743,0.778561766,0.427423141,0.141910431,0.269372685,0.145322805,0.1298296,0.092358068,0,1,0,0.674008811,0.969387755,0.959183674,0.00862069,0.989473684,0.989583333,0.333333333,0.666666667,0,0.106382979,0
0,0,0.70381001,0.005000902,0.080679851,0.097844272,0.093100439,0.39764023,0.324622349,0.02250319,0.174707783,0.741622135,0.092631044,0.195336748,0.179061906,0.765989922,0.444158693,0.186399937,0.256088565,0.154005159,0.126230825,0.089736647,0,1,0,0.797356828,0.969387755,0.959183674,0.017241379,0.989473684,0.989583333,0.333333333,0.666666667,0,0.106382979,0
0,0,0.69277616,0.003871756,0.078509266,0.115804705,0.103492906,0.366807617,0.308780384,0.023698616,0.199783944,0.778631652,0.098222446,0.225839727,0.234597588,0.771338252,0.427202223,0.227238282,0.251660525,0.152334493,0.121549926,0.086592783,0,1,0,0.837004405,0.969387755,0.959183674,0.025862069,0.989473684,0.989583333,0.333333333,0.666666667,0,0.106382979,0
0,0,0.682586564,0.004576347,0.07600926,0.118045032,0.112785545,0.401356496,0.293449467,0.021036237,0.214864943,0.590423775,0.075257324,0.180887634,0.199563725,0.761634502,0.450839541,0.232091795,0.262730625,0.146455897,0.116475507,0.083098739,0,1,0,0.634361234,0.969387755,0.959183674,0.034482759,0.989473684,0.989583333,0.333333333,0.666666667,0,0.106382979,0
0,0,0.678105714,0.004928609,0.071690895,0.12284269,0.12261683,0.428033583,0.271093115,0.019863526,0.236970461,0.618322852,0.064860402,0.191496187,0.190443614,0.758492849,0.426907264,0.252352193,0.303690048,0.145804178,0.111334669,0.079565279,0,1,0,0.665198238,0.969387755,0.959183674,0.043103448,0.989473684,0.989583333,0.333333333,0.666666667,0,0.106382979,0
0,0,0.678640851,0.005325822,0.075790061,0.153923349,0.147484488,0.396690937,0.291931939,0.020421581,0.268663553,0.716597713,0.075644392,0.205065217,0.176709883,0.772419515,0.390544317,0.298032787,0.259409595,0.148167073,0.10616483,0.07619243,0,1,0,0.77092511,0.969387755,0.959183674,0.051724138,0.989473684,0.989583333,0.333333333,0.666666667,0,0.106382979,0
0,0,0.673186313,0.005574617,0.084700184,0.205127881,0.193040752,0.380170636,0.262423061,0.023679448,0.324151073,0.73081371,0.062502753,0.185105006,0.165679499,0.846290207,0.372410219,0.371630809,0.212915122,0.145197812,0.102005843,0.073786691,0,1,0,0.784140969,0.969387755,0.959183674,0.060344828,0.989473684,0.989583333,0.333333333,0.666666667,0,0.106382979,0
0,0,0.701136339,0.005376204,0.085145806,0.230324983,0.200490213,0.332993233,0.244168559,0.02396644,0.356184648,0.659965242,0.065769926,0.186623019,0.178460184,0.914993303,0.399326559,0.404411132,0.211808112,0.158477902,0.145917947,0.106337602,0,1,0,0.709251101,0.969387755,0.959183674,0.068965517,0.989473684,0.989583333,0.333333333,0.666666667,0,0.106382979,1
0,0,0.732587202,0.003275212,0.096568555,0.225263831,0.214050325,0.378199409,0.248034003,0.026039997,0.335228655,0.589269298,0.062194963,0.175724461,0.303721871,0.959115572,0.385536585,0.358873358,0.273800725,0.177975195,0.160250751,0.113692414,1,1,0,0.634361234,0.969387755,0.959183674,0.077586207,0.989473684,0.989583333,0.333333333,0.666666667,0,0.106382979,1
0,0,0.830413574,0.013745104,0.122314405,0.14980833,0.20078667,0.642881684,0.332085596,0.042564551,0.235908219,0.124854107,0.084829829,0.259096516,0.085328195,0.861584552,0.47713878,0.207934098,0.755350552,0.198733364,0.220333745,0.139837984,0,0,0,0.136563877,0.979591837,0.979591837,0.086206897,0.989473684,1,0.166666667,0.333333333,0,0.106382979,1
0,0,0.845159762,0.015121803,0.101822894,0.182830176,0.214908838,0.512582134,0.276004889,0.052542549,0.311430737,0.806943975,0.035501356,0.261364573,0.091542316,0.753890724,0.452057738,0.263368808,0.686715879,0.219315559,0.116442993,0.083597364,0,0,0,0.86784141,0.979591837,0.979591837,0.094827586,0.989473684,1,0.166666667,0.333333333,0,0.223404255,1
0,0,0.728237197,0.017022779,0.116678619,0.251272799,0.259469827,0.456661385,0.259920593,0.049879119,0.348055089,0.708056049,0.046148017,0.248739062,0.093337026,0.614126649,0.43850811,0.323129545,0.434317334,0.239229497,0.101418565,0.083500821,0,0,0,0.762114537,0.979591837,0.979591837,0.103448276,0.989473684,1,0.166666667,0.333333333,0,0.223404255,0
0,0,0.60959599,0.019202104,0.107596463,0.225872266,0.230841863,0.4272938,0.289379389,0.036320206,0.325153505,0.535094946,0.059453762,0.635602774,0.155423581,0.422158206,0.50417579,0.297396876,0.394464947,0.367175844,0.086644299,0.060901008,0,0,0,0.577092511,0.979591837,0.979591837,0.112068966,0.989473684,1,0.166666667,0.333333333,0,0.223404255,0
0,0,0.593294458,0.019813925,0.098515726,0.243065113,0.247729352,0.432708491,0.323628255,0.030973548,0.368894645,0.653160917,0.049851698,0.174793613,0.154705495,0.299340536,0.50314599,0.336628774,0.322509218,0.405465071,0.070060039,0.052010286,0,0,0,0.700440529,0.979591837,0.979591837,0.120689655,0.989473684,1,0.166666667,0.333333333,0,0.223404255,0
0,0,0.560369962,0.022699879,0.105135066,0.284024892,0.292934634,0.453284213,0.232398827,0.033069368,0.407493137,0.46501723,0.055392261,0.103480112,0.126604005,0.31451116,0.534665585,0.388283762,0.355719544,0.399226544,0.060656896,0.04466425,0,0,0,0.497797357,0.979591837,0.979591837,0.129310345,0.989473684,1,0.166666667,0.333333333,0,0.223404255,0
0,0,0.560311407,0.025836427,0.125876179,0.35859209,0.387492219,0.497894858,0.289957213,0.044475669,0.456881753,0.549273656,0.055950199,0.125015696,0.10566651,0.337655448,0.552734833,0.435139023,0.363468641,0.377866481,0.054785449,0.040697215,0,0,0,0.59030837,0.979591837,0.979591837,0.137931035,0.989473684,1,0.166666667,0.333333333,0,0.223404255,0
0,0,0.624335519,0.023117796,0.121909345,0.420195562,0.438628144,0.446789036,0.344439076,0.040831616,0.543031011,0.512743143,0.049789341,0.129421271,0.123112596,0.40250762,0.58921006,0.503889255,0.370110701,0.395925395,0.049296604,0.039091093,0,0,0,0.550660793,0.979591837,0.979591837,0.146551724,0.989473684,1,0,0,0,0.223404255,0
0,0,0.685062495,0.023311815,0.127368597,0.502157499,0.49913582,0.423087336,0.451428616,0.030923415,0.614677204,0.552024606,0.046024151,0.165170574,0.132467719,0.512023406,0.628254486,0.56810659,0.344649444,0.444344081,0.05625699,0.047323568,0,0,0,0.594713656,0.979591837,0.979591837,0.155172414,0.989473684,1,0,0,0,0.223404255,0
0,0,0.607731846,0.022970823,0.134928887,0.582639099,0.583494867,0.437950895,0.471312118,0.028954247,0.663399258,0.57402152,0.048175509,0.154213927,0.138386516,0.607184336,0.633801431,0.625570495,0.318081178,0.472458128,0.066219318,0.054388752,0,0,0,0.616740088,0.979591837,0.979591837,0.163793103,0.989473684,1,0,0,0,0.223404255,1
0,0,0.61436494,0.01966666,0.185700273,0.683216451,0.66420381,0.422412479,0.338533208,0.034256609,0.593892757,0.459497416,0.06392472,0.161567381,0.176265223,0.621835764,0.680319498,0.57425637,0.312546128,0.524531164,0.077108717,0.061726011,0,0,0,0.493392071,0.979591837,0.979591837,0.172413793,0.989473684,1,0,0,0,0.223404255,1
0,0,0.534791633,0.029514956,0.163688529,0.526251284,0.56756478,0.493880617,0.049842499,0.032366919,0.53463219,0.368246581,0.049809254,0.14816921,0.116801639,0.576357099,0.727326374,0.515301279,0.356826554,0.508865129,0.050282536,0.036572201,0,0,0,0.396475771,0.979591837,0.979591837,0.181034483,0.989473684,1,0,0,0,0.223404255,1
0,0,0.560599906,0.026245304,0.176042428,0.690548669,0.717461349,0.471138134,0.097354394,0.030255166,0.64609349,0.615337065,0.051154912,0.122883621,0.128786232,0.49773441,0.692320606,0.61180359,0.352398514,0.476125376,0.047854494,0.040512906,0,0,0,0.660792952,0.979591837,0.979591837,0.189655172,0.989473684,1,0,0,0,0.223404255,0
0,0,0.621297504,0.024986139,0.209277323,0.892447522,0.890257771,0.447254987,0.25471856,0.029409381,0.714447332,0.487143801,0.059154794,0.119628237,0.136117122,0.385371049,0.705209773,0.668666151,0.315867158,0.486284529,0.052195538,0.043628608,0,0,0,0.524229075,0.979591837,0.979591837,0.198275862,0.989473684,1,0,0,0,0.223404255,0
0,0,0.609777714,0.026038826,0.20902399,0.89533662,0.92108756,0.500543697,0.289155906,0.028786577,0.728328907,0.434408563,0.045617272,0.115296071,0.130544652,0.292193201,0.729264138,0.668539104,0.295940951,0.478999841,0.045809053,0.038871677,0,0,0,0.466960352,0.979591837,0.979591837,0.206896552,0.989473684,1,0,0,0,0.223404255,0
0,0,0.591959462,0.025663245,0.19141451,0.872052023,0.936502016,0.53950379,0.375814977,0.031956074,0.780199301,0.465733064,0.039096775,0.114211573,0.133787155,0.32387009,0.751588377,0.705706651,0.289298891,0.469840448,0.032521043,0.030340796,0,0,0,0.502202643,0.979591837,0.979591837,0.215517241,0.989473684,1,0,0,0,0.223404255,0
0,0,0.582707914,0.024874878,0.174200468,0.865797842,0.945654218,0.53859858,0.490326462,0.026802865,0.842846657,0.46728434,0.03890115,0.136898947,0.145225387,0.448744382,0.770687191,0.760693688,0.325830248,0.482288099,0.025810819,0.026601954,0,0,0,0.502202643,0.979591837,0.979591837,0.224137931,0.989473684,1,0.083333333,0.333333333,0,0.223404255,0
0,0,0.477141382,0.025507837,0.147264,0.721973289,0.839154462,0.572380331,0.592217902,0.021007182,0.814398996,0.45111815,0.034716403,0.137198299,0.144620808,0.571127938,0.759805114,0.752547211,0.377859771,0.484668089,0.012920125,0.018948736,0,0,0,0.484581498,0.979591837,0.979591837,0.232758621,0.989473684,1,0.083333333,0.333333333,0,0.223404255,0
0,0,0.513076598,0.025133917,0.134293792,0.68416846,0.801678676,0.558596109,0.686136662,0.029864327,0.842550966,0.456780663,0.036669879,0.13028911,0.150522324,0.692086308,0.771823841,0.789048167,0.388929897,0.495579873,0.009991759,0.016298195,0,0,0,0.488986784,0.979591837,0.979591837,0.24137931,0.989473684,1,0,0,0,0.223404255,0
0,0,0.508558403,0.024353637,0.142544873,0.801033883,0.885309612,0.518021076,0.637039387,0.034843189,0.907100961,0.465524575,0.043830284,0.117226435,0.155336721,0.802526024,0.785567318,0.905829074,0.388929897,0.502353034,0.011919477,0.017483039,0,0,0,0.502202643,0.979591837,0.979591837,0.25,0.989473684,1,0,0,0,0.223404255,0
0,0,0.576986802,0.02377173,0.146927049,0.876605499,0.958352091,0.51499113,0.580860131,0.02817337,0.977817052,0.455158172,0.040381344,0.127672051,0.165771708,0.901372716,0.83416327,0.927478865,0.407749067,0.521300948,0.015201012,0.021230659,0,0,0,0.488986784,0.979591837,0.979591837,0.25862069,0.989473684,1,0,0,0,0.223404255,0
0,0,0.617852111,0.025162398,0.139345469,0.82128801,0.863806345,0.496200712,0.553699169,0.026107304,0.949669159,0.427892238,0.03233611,0.13529714,0.166660467,0.939493256,0.912971312,0.879472213,0.399999997,0.562358279,0.011375007,0.01940512,0,0,0,0.45814978,0.979591837,0.979591837,0.25862069,0.989473684,1,0,0,0,0.223404255,0
0,0,0.517134502,0.027513112,0.123998936,0.731482286,0.794889997,0.51805112,0.550294692,0.025296018,0.922806765,0.30065032,0.033471941,0.147766755,0.166593569,0.924739391,0.988380657,0.902080326,0.419926204,0.617306467,0,0.012120521,0,0,0,0.321585903,0.979591837,0.979591837,0.25862069,0.989473684,1,0,0,0,0.223404255,0
0,0,0.484871321,0.026182908,0.148747764,0.932973988,0.999581296,0.523950939,0.431082531,0.025296018,1,0.500932028,0.047908714,0.147766755,0.166593569,0.924504231,1,1,0.387822887,0.617306467,0.001456825,0.012497916,0,0,0,0.537444934,0.979591837,0.979591837,0.25862069,0.989473684,1,0,0,0,0.223404255,0
0,0,0.615879599,0.054786205,0.597521681,0.001929225,0.001854627,0.176844309,0.325484922,0.097698971,0.035763114,0.908665715,0.032927648,0.184412595,0.012709904,0.240022581,0.510296281,0,0.655719546,0.131806403,0.111258756,0.067825766,0,0,1,0.70660793,0.897959184,0.857142857,0.043103448,0.957894737,0.958333333,0.166666667,0,0,0.563829787,0
0,0,0.62574464,0.066803297,0.569926317,0.002448498,0.002233375,0.176844309,0.325484922,0.102437542,0.035907631,0.845843666,0.042480679,0.144231786,0.003352422,0.240022581,0.559684544,0.000358319,0.51623618,0.130044621,0.111258756,0.067825766,0,0,1,0.70660793,0.897959184,0.857142857,0.051724138,0.957894737,0.958333333,0.166666667,0,0,0.563829787,0
0,0,0.628645256,0.066900394,0.498976068,0.002671468,0.002500748,0.029434683,0.325150929,0.115789257,0.036133828,0.882919837,0.04483462,0.249946635,0.004755826,0.240022581,0.521715305,0.000703289,0.505166027,0.15188032,0.111258756,0.067825766,0,0,1,0.70660793,0.897959184,0.857142857,0.060344828,0.957894737,0.958333333,0.166666667,0,0,0.563829787,0
0,0,0.63208563,0.064377656,0.538096686,0.004556991,0.00446042,0.118273207,0.325316158,0.176757779,0.036486744,0.771437199,0.174077727,0.184659998,0.003457946,0.240022581,0.432212816,0.001179165,0.484132863,0.187770517,0.111258756,0.067825766,0,1,0,0.70660793,0.897959184,0.857142857,0.068965517,0.957894737,0.958333333,0.166666667,0,0,0.563829787,0
0,0,0.645367195,0.056000947,0.698177263,0.00985891,0.009036676,0,0.325411898,0.125820098,0.037124988,0.587084983,0.194187816,0.171370718,0.005126973,0.240022581,0.38558337,0.002377553,0.424354244,0.164329508,0.111258756,0.067825766,0,1,0,0.70660793,0.897959184,0.857142857,0.077586207,0.957894737,0.958333333,0.166666667,0,0,0.563829787,0
0,0,0.660041688,0.055493712,0.626871598,0.009396218,0.008930319,0.196849122,0.325505017,0.103375827,0.037730069,0.499599615,0.048189921,0.200090593,0.008672409,0.240022581,0.405933649,0.002390388,0.488560903,0.175270371,0.111258756,0.067825766,0,1,0,0.70660793,0.897959184,0.857142857,0.086206897,0.957894737,0.958333333,0.166666667,0,0,0.563829787,0
0,0,0.668578803,0.055279345,0.679256982,0.011645655,0.01124168,0.22681096,0.325223408,0.077591103,0.038140678,0.641325487,0.015956948,0.166473951,0.009916529,0.240022581,0.398544114,0.002828176,0.480811807,0.18068984,0.111258756,0.067825766,0,1,0,0.70660793,0.897959184,0.857142857,0.094827586,0.957894737,0.958333333,0.166666667,0,0,0.563829787,0
0,0,0.667873323,0.060649525,0.728719042,0.01297454,0.01299519,0.323345785,0.324977093,0.090327239,0.038287654,0.617294081,0.052808835,0.126669037,0.005972836,0.240022581,0.414227871,0.002795639,0.419926204,0.184070015,0.111258756,0.042698286,0,1,0,0.70660793,0.897959184,0.857142857,0.103448276,0.957894737,0.958333333,0.166666667,0,0,0.563829787,0
0,0,0.57141862,0.073501467,0.746591339,0.015498126,0.015214736,0.289942388,0.326175676,0.083366371,0.038687398,0.655299663,0.065387116,0.15388356,0,0.240022581,0.430559746,0.003520361,0.235055349,0.192286407,0.077138148,0.049903896,0,1,0,0.70660793,0.897959184,0.857142857,0.112068966,0.957894737,0.958333333,0.166666667,0,0,0.563829787,0
0,0,0.574906238,0.065158477,0.841388915,0.022300847,0.021528087,0.249374953,0.325912178,0.167465398,0.039564743,0.728342994,0.059526566,0.205557468,0.004270028,0.240022581,0.348491422,0.004770468,0.219557182,0.210149515,0.100682795,0.065201555,0,1,0,0.70660793,0.897959184,0.857142857,0.120689655,0.957894737,0.958333333,0.166666667,0,0,0.563829787,0
0,0,0.484134598,0.05741434,0.92567161,0.032083555,0.030681126,0.137575058,0.325425758,0.190918059,0.040533022,0.751314011,0.09228998,0.243035921,0.009011495,0.240022581,0.34244252,0.007239346,0.184132836,0.227695686,0.157513685,0.098561511,0,1,0,0.806167401,0.897959184,0.857142857,0.129310345,0.957894737,0.958333333,0.166666667,0,0,0.563829787,0
0,0,0.724395053,0.055375819,0.899493928,0.03716869,0.036098976,0.196836936,0.325751106,0.213151174,0.042054823,0.780187943,0.089750747,0.229456727,0.011915834,0.240022581,0.322424034,0.009493421,0.167527672,0.253848705,0.191476838,0.112691879,0,1,0,0.837004405,0.897959184,0.857142857,0.137931035,0.957894737,0.958333333,0.166666667,0,0,0.563829787,0
0,0,0.657651408,0.054814158,0.835586736,0.039260031,0.038392903,0.246273455,0.325647162,0.183713204,0.043160699,0.627556524,0.058347368,0.187265372,0.01368333,0.240022581,0.424754682,0.011968171,0.150922509,0.273266342,0.131143681,0.075882709,0,1,0,0.674008811,0.897959184,0.857142857,0.146551724,0.957894737,0.958333333,0.166666667,0,0,0.563829787,0
0,0,0.666489378,0.054155335,0.743178115,0.038528255,0.038210157,0.345328412,0.325756159,0.123480096,0.044185339,0.687245678,0.038324254,0.161411499,0.014144594,0.307401736,0.424094639,0.013438451,0.171955726,0.295568947,0.110350815,0.066395176,0,1,0,0.740088106,0.897959184,0.857142857,0.155172414,0.957894737,0.958333333,0.166666667,0,0,0.563829787,0
0,0,0.77818284,0.054834911,0.69620327,0.040396793,0.039844318,0.377101102,0.3263091,0.127111348,0.045489478,0.697019116,0.048664414,0.124630341,0.012399012,0.345750965,0.416346605,0.015084767,0.282656831,0.294430552,0.122152569,0.073355041,0,1,0,0.748898678,0.897959184,0.857142857,0.163793103,0.957894737,0.958333333,0.166666667,0,0,0.563829787,0
0,0,0.806786617,0.06985231,0.675139427,0.037887999,0.037523142,0.418422334,0.324553777,0.108153211,0.045403503,0.310075473,0.033051105,0.108721389,0.005922033,0.377244012,0.630055088,0.012755378,0.45756457,0.303682625,0.092927777,0.052484224,0,1,0,0.334801762,0.897959184,0.857142857,0.172413793,0.957894737,0.958333333,0.166666667,0,0,0.563829787,0
0,0,0.753949949,0.072529686,0.653278642,0.035225432,0.035500587,0.455544804,0.328449104,0.170979758,0.045064144,0.390855439,0.019315313,0.148750978,0.007825111,0.346961069,0.574593872,0.010478514,0.742066432,0.290453404,0.070957679,0.041083387,0,1,0,0.418502203,0.897959184,0.857142857,0.181034483,0.957894737,0.958333333,0.166666667,0,0,0.563829787,0
0,0,0.660818531,0.075859883,0.724155551,0.044151566,0.044389641,0.407708935,0.324135864,0.244208485,0.046156524,0.779448544,0.033369013,0.212428971,0.008812021,0.28602887,0.485600796,0.010905284,0.53837638,0.275116633,0.058243569,0.030288137,0,1,0,0.837004405,0.897959184,0.857142857,0.189655172,0.957894737,0.958333333,0.166666667,0,0,0.563829787,0
0,0,0.483108438,0.070092757,0.805863095,0.058841896,0.061138679,0.582287059,0.327072467,0.258450697,0.04790686,0.798586544,0.040729894,0.171398787,0.010451762,0.216359012,0.358372607,0.012529385,0.377859771,0.257953394,0.055844959,0.028725897,0,1,0,0.859030837,0.897959184,0.857142857,0.198275862,0.957894737,0.958333333,0.166666667,0,0,0.563829787,0
0,0,0.53482999,0.069648152,0.777020455,0.068170315,0.071487612,0.627116304,0.325900669,0.17557503,0.050766413,0.753182215,0.046783268,0.229622738,0.013193632,0.152555532,0.348886688,0.016012407,0.245018439,0.270907615,0.060215434,0.033728574,0,1,0,0.810572687,0.897959184,0.857142857,0.206896552,0.957894737,0.958333333,0.166666667,0,0,0.563829787,0
0,0,0.555134992,0.080155877,0.769418368,0.080665929,0.084055577,0.60376267,0.331080424,0.275570118,0.053649909,0.739293773,0.054993834,0.213496747,0.009519672,0.112691074,0.33213407,0.019227589,0.377490762,0.269380893,0.080537407,0.049096446,0,1,0,0.792951542,0.897959184,0.857142857,0.215517241,0.957894737,0.958333333,0.166666667,0,0,0.563829787,0
0,0,0.571690395,0.078378638,0.721456544,0.094625037,0.100844579,0.648656075,0.33037801,0.196988678,0.058596417,0.610552052,0.054735791,0.164734827,0.01067124,0.127377091,0.311678084,0.025614768,0.226199268,0.272251715,0.084436989,0.048657615,0,1,0,0.656387665,0.897959184,0.857142857,0.224137931,0.957894737,0.958333333,0.166666667,0,0,0.563829787,0
0,0,0.624240224,0.079875174,0.691954085,0.104670062,0.111084479,0.661766848,0.312085779,0.08738195,0.062968322,0.608554986,0.046176767,0.141758265,0.010240325,0.163184983,0.279236015,0.031426914,0.326937258,0.277187008,0.055638943,0.030112604,0,1,0,0.651982379,0.897959184,0.857142857,0.232758621,0.957894737,0.958333333,0.166666667,0,0,0.563829787,0
0,0,0.531194672,0.083306211,0.696889737,0.123792659,0.129302421,0.567605783,0.35223581,0.146287806,0.066870354,0.806644301,0.046369855,0.138901613,0.006637597,0.204694048,0.29354486,0.036117336,0.324723238,0.276724396,0.045676614,0.024126945,0,1,0,0.86784141,0.897959184,0.857142857,0.24137931,0.957894737,0.958333333,0.166666667,0,0,0.563829787,0
0,0,0.547692103,0.082486498,0.703459449,0.149176656,0.161987534,0.750054248,0.367100089,0.211342569,0.073809684,0.791685959,0.052339025,0.177566461,0.006815426,0.24839516,0.22888444,0.042470708,0.320295198,0.277612509,0.054329272,0.031508088,0,1,0,0.850220264,0.897959184,0.857142857,0.25,0.957894737,0.958333333,0.166666667,0,0,0.563829787,0
0,0,0.57452626,0.081710354,0.772062401,0.195295716,0.210774588,0.772050625,0.406161424,0.244926976,0.081437181,0.63056726,0.04218273,0.139197633,0.006497257,0.281082231,0.235077108,0.050553827,0.350184494,0.306479148,0.062996645,0.036800393,0,1,0,0.678414097,0.897959184,0.857142857,0.25862069,0.957894737,0.958333333,0.166666667,0,0,0.563829787,0
0,0,0.630629411,0.083342141,0.747316723,0.207676753,0.224237617,0.732009071,0.407669459,0.215870679,0.086834484,0.64273205,0.039699211,0.147550367,0.006062167,0.313567208,0.289042771,0.063548969,0.380073791,0.328620314,0.061068927,0.035808634,0,1,0,0.691629956,0.897959184,0.857142857,0.267241379,0.957894737,0.958333333,0.166666667,0,0,0.563829787,0
0,0,0.648218271,0.07429937,0.721401243,0.209577214,0.224731221,0.752196664,0.434199674,0.279919876,0.089137882,0.677452971,0.044266497,0.150629445,0.010261674,0.345087441,0.274143823,0.067106954,0.261623615,0.33970855,0.062172582,0.036458105,1,1,0,0.726872247,0.897959184,0.857142857,0.275862069,0.957894737,0.958333333,0.166666667,0,0,0.563829787,0
0,0,0.779143621,0.091365932,0.693753428,0.168309153,0.18935228,0.885412013,0.316826501,0.133140246,0.082451218,0.245619853,0.027547257,0.279950747,0.013896301,0.368082662,0.330498731,0.056668131,0.362361631,0.386283508,0.08193537,0.04838554,0,1,0,0.264317181,0.897959184,0.857142857,0.284482759,0.957894737,0.958333333,0.166666667,0,0,0.563829787,0
0,0,0.808708447,0.093168002,0.751008559,0.186447118,0.202050548,0.787194256,0.415094927,0.383594646,0.083827121,0.570685266,0.029639562,0.139293726,0.015676898,0.356903164,0.322291288,0.051777748,0.521771203,0.365054841,0.052946024,0.017623465,0,1,0,0.612334802,0.897959184,0.857142857,0.293103448,0.957894737,0.958333333,0.166666667,0,0,0.563829787,0
0,0,0.532218209,0.086806481,0.816413834,0.229176906,0.240004348,0.655888287,0.4388811,0.287768956,0.08547038,0.70713063,0.039540516,0.070925408,0.012092672,0.340176965,0.408107122,0.053950048,0.394464947,0.338010499,0.05353464,0.01792187,0,1,0,0.757709251,0.897959184,0.857142857,0.301724138,0.957894737,0.958333333,0.166666667,0,0,0.563829787,0
0,0,0.733659184,0.087662336,0.781054187,0.202277449,0.217691691,0.727851508,0.447635647,0.334675222,0.084954774,0.29165664,0.036857694,0.122100563,0.015113414,0.31635536,0.493030302,0.048061771,0.401107007,0.415108034,0.05026782,0.015903246,0,1,0,0.31277533,0.897959184,0.857142857,0.310344828,0.957894737,0.958333333,0.166666667,0,0,0.563829787,0
0,0,0.6876991,0.092463902,0.782119049,0.20758024,0.225854387,0.737366838,0.399936469,0.128149259,0.086022592,0.496912671,0.026633111,0.082040919,0.011608625,0.281162617,0.51072534,0.042780567,0.610332109,0.362278897,0.044926129,0.009048701,0,1,0,0.533039648,0.897959184,0.857142857,0.318965517,0.957894737,0.958333333,0.166666667,0,0,0.563829787,0
0,0,0.720776871,0.102664195,0.846569219,0.23111215,0.262492634,0.939171198,0.433123039,0.309846334,0.089338029,0.522595021,0.033255632,0.13630637,0.009615623,0.243829474,0.477989476,0.041766792,0.641328389,0.373489368,0.044234505,0.005186986,0,1,0,0.559471366,0.897959184,0.857142857,0.327586207,0.957894737,0.958333333,0.25,0.333333333,0,0.563829787,0
0,0,0.510776081,0.101962685,0.903588713,0.292944247,0.326925498,0.832296678,0.421374516,0.372712107,0.095424809,0.744187934,0.04175717,0.124547995,0.007358853,0.224475534,0.393861036,0.048411371,0.631365326,0.336695851,0.044116781,0.004142568,0,1,0,0.797356828,0.897959184,0.857142857,0.336206897,0.957894737,0.958333333,0.166666667,0,0,0.563829787,0
0,0,0.583054278,0.094673965,0.947943768,0.339121866,0.382483429,0.916864978,0.330484069,0.270356313,0.103610097,0.638413874,0.032646085,0.124273603,0.008808232,0.201447486,0.361487513,0.051430984,0.603690049,0.310257966,0.044116781,0.004537516,0,1,0,0.68722467,0.918367347,0.87755102,0.344827586,0.957894737,0.989583333,0.166666667,0,0,0.563829787,0
0,0,0.58550637,0.095517956,0.959516243,0.398851405,0.450728256,0.994637051,0.412652661,0.458850408,0.114879169,0.705833956,0.036605214,0.209540025,0.011094723,0.180473862,0.362239565,0.059721586,0.480811807,0.290197533,0.044337513,0.005897893,0,1,0,0.757709251,0.918367347,0.87755102,0.353448276,0.957894737,0.989583333,0.166666667,0,0,0.563829787,0
0,0,0.445673993,0.093849007,0.886614953,0.446864552,0.512186279,1,0.581014792,0.45608262,0.12825573,0.706440303,0.0450122,0.170988376,0.011009341,0.168226673,0.303041035,0.07707603,0.416605174,0.294524339,0.044646536,0.005467838,0,1,0,0.757709251,0.918367347,0.87755102,0.362068966,0.957894737,0.989583333,0.166666667,0,0,0.563829787,0
0,0,0.707370736,0.093762094,0.987581992,0.549246365,0.590022194,0.741792494,0.263147936,0.134365076,0.1425687,0.412254417,0.078308782,0.162165927,0.015400295,0.179700493,0.378081871,0.094913859,0.423247234,0.345373804,0.04552946,0.004309323,0,1,0,0.444933921,0.918367347,0.87755102,0.370689655,0.957894737,0.989583333,0.166666667,0,0,0.563829787,0
0,0,0.548459135,0.100851464,0.801935103,0.442060066,0.492874955,0.769820706,0.471708457,0.219213331,0.138244923,0.340926409,0.033909468,0.157558814,0.015453441,0.194253647,0.364008924,0.098136007,0.633579346,0.34129781,0.04552946,0.002975276,0,1,0,0.365638767,0.918367347,0.87755102,0.379310345,0.957894737,0.989583333,0.166666667,0,0,0.563829787,0
0,0,0.614460183,0.098138843,0.828896899,0.560673084,0.631987567,0.909856943,0.489613622,0.404095748,0.165021367,0.932410347,0.050303706,0.139784231,0.013856365,0.221601194,0.345699241,0.10758245,0.440959394,0.333158005,0.04552946,0.002062507,0,1,0,1,0.918367347,0.87755102,0.387931035,0.957894737,0.989583333,0.166666667,0,0,0.563829787,0
0,0,0.612168536,0.088694378,0.850979826,0.669020404,0.75627783,0.894562115,0.379373362,0.312095197,0.186409174,0.591093329,0.068149619,0.148830499,0.019146019,0.260438538,0.31077603,0.123992738,0.415498164,0.373167807,0.04552946,0.001667559,0,1,0,0.634361234,0.918367347,0.87755102,0.396551724,0.957894737,0.989583333,0.166666667,0,0,0.563829787,0
0,0,0.636892216,0.09160392,0.827788211,0.693597715,0.772946364,0.796600123,0.750324329,0.331384949,0.196048792,0.517960822,0.063201103,0.130950208,0.018664692,0.312200015,0.281670465,0.137132116,0.396678967,0.406775398,0.04552946,0.001325271,0,1,0,0.555066079,0.918367347,0.87755102,0.405172414,0.957894737,0.989583333,0.166666667,0,0,0.563829787,0
0,0,0.671347084,0.092559891,0.822694643,0.72080797,0.798982383,0.755138886,0.670335423,0.368208855,0.204442148,0.533666003,0.04688006,0.11211968,0.018540014,0.355952026,0.349742742,0.149078012,0.412177107,0.451853391,0.04552946,0.001369154,0,1,0,0.572687225,0.918367347,0.87755102,0.413793103,0.957894737,0.989583333,0.166666667,0,0,0.563829787,0
0,0,0.664146555,0.085007479,0.807271062,0.723058374,0.804791162,0.803179989,0.57608597,0.383083477,0.208172983,0.497413232,0.037063457,0.105751907,0.022311419,0.397541773,0.341050012,0.155866318,0.398892987,0.468368153,0.044999706,0.001413037,0,1,0,0.533039648,0.918367347,0.87755102,0.422413793,0.957894737,0.989583333,0.166666667,0,0,0.563829787,0
0,0,0.543291929,0.083806335,0.734555122,0.633953938,0.731512226,0.81906199,0.657495089,0.397110096,0.198750237,0.458010238,0.025669151,0.09405272,0.020932669,0.421882466,0.384048848,0.147507607,0.404428037,0.445169976,0.044999706,0.001650006,0,1,0,0.493392071,0.918367347,0.87755102,0.431034483,0.957894737,0.989583333,0.166666667,0,0,0.563829787,0
0,0,0.637780537,0.080559379,0.673230075,0.6017331,0.699383683,0.796660885,0.403519052,0.360917959,0.209122651,0.482048805,0.025598106,0.136248047,0.02466766,0.430552363,0.389677453,0.146058368,0.436531354,0.450782615,0.044999706,0.001895751,0,1,0,0.519823789,0.918367347,0.87755102,0.439655172,0.957894737,0.989583333,0.166666667,0,0,0.563829787,0
0,0,0.550370273,0.084990484,0.703856424,0.678002153,0.783255727,0.789305749,0.432677929,0.502243511,0.217999326,0.527246555,0.033758846,0.104890085,0.020033463,0.421214474,0.384230115,0.152680856,0.449815474,0.439422094,0.043763612,0.001386707,0,1,0,0.568281938,0.918367347,0.87755102,0.448275862,0.957894737,0.989583333,0.25,0.333333333,0,0.563829787,0
0,0,0.527444298,0.079490138,0.722470986,0.759082215,0.886667401,0.743262344,0.611143681,0.378276787,0.234591874,0.486142522,0.03274557,0.109441814,0.021696011,0.404240988,0.367350871,0.14891212,0.454243522,0.426179152,0.044646536,0.001544686,0,1,0,0.524229075,0.918367347,0.87755102,0.456896552,0.957894737,0.989583333,0.25,0.333333333,0,0.563829787,0
0,0,0.664044879,0.077517394,0.716575527,0.749872733,0.876472951,0.728316205,0.910693047,0.515396438,0.241758572,0.380698397,0.033677869,0.116233731,0.024780957,0.390157828,0.390633166,0.151467271,0.328044268,0.43404237,0.043233857,0.001974741,0,1,0,0.524229075,0.918367347,0.87755102,0.465517241,0.957894737,0.989583333,0.261111111,0.377777778,0,0.563829787,0
0,0,0.764501912,0.109495058,0.739848917,0.705862619,0.835594637,0.779339898,0.65125373,0.380207244,0.230076302,0.165391491,0.028177319,0.169558862,0.017798855,0.376717425,0.548025888,0.127550549,0.438745374,0.478580466,0.043233857,0.001825538,0,1,0,0.521082442,0.918367347,0.87755102,0.474137931,0.957894737,0.989583333,0.28015873,0.453968254,0,0.563829787,0
0,0,0.506569217,0.109444356,0.755289763,0.830596235,0.97740391,0.806756941,0.632465314,0.386783707,0.244042431,0.648591562,0.046484404,0.19186185,0.017528118,0.363134241,0.488398467,0.161976302,0.376752761,0.475890604,0.043233857,0.001176068,0,1,0,0.517935809,0.918367347,0.87755102,0.482758621,0.957894737,0.989583333,0.299206349,0.53015873,0,0.563829787,0
0.766307507,0.296419393,0.632056762,0.001203553,0.002469391,0.00281042,0.002300127,0.363625965,0.325404371,0.031071054,0.053716184,0.602911251,0.066350539,0.19270422,0.425527063,0.205827952,0.159105545,0.01147824,0.335882128,0.016293038,0.37700088,0.231723262,0,0,1,0.511803936,0.897959184,0.836734694,0.344827586,0.957894737,0.947916667,0.833333333,0.333333333,0.333333333,0.5,0
0.762464543,0.296734329,0.628160413,0.001538326,0,0.002793412,0.002621063,0.36253441,0.324998952,0.029465426,0.054892112,0.490300176,0.069778305,0.168125411,0.366861083,0.202189046,0.186498098,0.011394033,0.345376576,0.016263918,0.376860482,0.248434458,0,0,1,0.488361207,0.897959184,0.836734694,0.353448276,0.957894737,0.947916667,0.833333333,0.333333333,0.333333333,0.5,0
0.765437419,0.296902294,0.626119198,0.001790455,0.001244297,0.003576542,0.003485643,0.373928073,0.325333219,0.022934641,0.057934193,0.673860872,0.065910896,0.193986751,0.321743796,0.199264083,0.263895572,0.014095905,0.371607494,0.016222249,0.375638091,0.280301382,0,0,1,0.490103669,0.897959184,0.836734694,0.362068966,0.957894737,0.947916667,0.833333333,0.333333333,0.333333333,0.5,0
0.760249425,0.297599352,0.627000404,0.001727279,0.003559145,0.005272202,0.004828825,0.381720341,0.325685403,0.030197285,0.061030294,0.6587494,0.11846106,0.246074094,0.309557107,0.19775815,0.306331569,0.017812236,0.391039957,0.016177206,0.373387534,0.302007983,0,0,1,0.487645678,0.897959184,0.836734694,0.370689655,0.957894737,0.947916667,0.833333333,0.333333333,0.333333333,0.5,0
0.755246144,0.299117341,0.628524573,0.001328929,0.006149803,0.00852411,0.006701724,0.385543891,0.326111005,0.028178491,0.065131673,0.573087709,0.204609103,0.226284409,0.331912923,0.217874926,0.303407578,0.024268351,0.397782937,0.016141139,0.37027079,0.327511771,0,0,1,0.467416749,0.897959184,0.836734694,0.379310345,0.957894737,0.947916667,0.833333333,0.333333333,0.333333333,0.5,0
0.748847953,0.299491064,0.629372576,0.001174958,0.000363279,0.009690307,0.006718905,0.386491589,0.32660974,0.025057146,0.075539371,0.571758488,0.13953484,0.254885327,0.432203896,0.231902813,0.393775355,0.032312219,0.403041492,0.016234958,0.366560586,0.36904835,0,0,1,0.465009564,0.897959184,0.836734694,0.387931035,0.957894737,0.947916667,0.833333333,0.333333333,0.333333333,0.5,0
0.74372936,0.299812298,0.631267248,0.000925714,0.004685825,0.010125799,0.008707794,0.394322418,0.32714455,0.030111803,0.074165855,0.517218848,0.146014584,0.435135269,0.749397413,0.227631739,0.446782486,0.03209949,0.404171798,0.01637344,0.362192687,0.104582277,0,0,1,0.461432075,0.897959184,0.836734694,0.396551724,0.957894737,0.947916667,0.833333333,0.333333333,0.333333333,0.5,1
0.723143594,0.364819185,0.633320064,0.001639846,0.009809952,0.00955029,0.00988739,0.394032241,0.325805644,0.023021278,0.065990834,0.475018534,0.243480076,0.112562082,0.37318148,0.215463721,0.427817736,0.027399236,0.401517875,0.016473851,0.357267178,0.105916324,0,0,1,0.467618086,0.908163265,0.867346939,0,0.957894737,0.947916667,0.833333333,0.333333333,0.333333333,0.5,1
0.710943513,0.289226267,0.635152212,0.001410372,0.012084274,0.013584486,0.012942373,0.391404246,0.325645915,0.027094326,0.082028191,0.703786265,0.158033197,0.310811961,0.43037999,0.203514521,0.440032683,0.03718437,0.393550057,0.016504843,0.351960023,0.11544774,0,0,1,0.4770558,0.908163265,0.867346939,0.00862069,0.957894737,0.947916667,0.833333333,0.333333333,0.333333333,0.117021277,0
1,0.392025413,0.637073677,0.001140863,0.017079759,0.021015205,0.018709546,0.332761475,0.327610017,0.032940376,0.094110645,0.734249755,0.163436398,0.31602787,0.429588607,0.189441832,0.438266951,0.05475434,0.384401205,0.016416268,0.348170995,0.163868386,0,0,1,0.482378855,0.908163265,0.867346939,0.017241379,0.957894737,0.947916667,0.833333333,0.333333333,0.333333333,0.117021277,0
0.69301312,0.589416488,0.638124308,0.001039423,0.01425168,0.032576502,0.026379705,0.310049961,0.325262102,0.033426829,0.101460799,0.715142229,0.223511459,0.331472397,0.435603041,0.173238689,0.331825121,0.084190243,0.117712177,0.016284522,0.388910307,0.235977146,0,0,1,0.779735683,0.908163265,0.867346939,0.025862069,0.957894737,0.947916667,0.833333333,0.333333333,0.333333333,0.117021277,0
0.724034906,0.668941901,0.638509715,0.001145008,0.013507194,0.04232449,0.033348058,0.28709697,0.319241531,0.035902398,0.141611538,0.686058936,0.235158605,0.409274406,0.520878928,0.165799987,0.38482027,0.115866283,0.084501845,0.016131019,0.401668757,0.295860066,0,0,1,0.735682819,0.908163265,0.867346939,0.034482759,0.957894737,0.947916667,0.833333333,0.333333333,0.333333333,0.117021277,1
0.795166177,0.637809477,0.585300572,0,0.018238432,0.022608498,0.034152112,0.350527303,0.320539346,0.033610429,0.073425134,0.314263166,0.463223851,0.436017969,1,0.17001445,0.358064776,0.069573141,0.449815495,0.015943602,0.397907314,0.432257612,0,0,1,0.339207049,0.908163265,0.867346939,0.043103448,0.957894737,0.947916667,0.833333333,0.333333333,0.333333333,0.117021277,1
0.708369484,0.228687265,0.603665825,0.002154024,0.025187444,0.017285897,0.036359683,0.499258363,0.32901015,0.039896569,0.046192257,0.192380334,0.779496856,0.495179655,0.26577302,0.182698823,0.245826874,0.045198818,0.660147596,0.01576389,0.399036547,0.630837553,0,0,1,0.207048458,0.908163265,0.867346939,0.051724138,0.957894737,0.947916667,0.833333333,0.333333333,0.333333333,0.117021277,1
0.705213331,0.142476821,0.636693673,0.003665039,0.021847502,0.021047089,0.03934571,0.467435293,0.329559433,0.030367969,0.075803712,0.475847677,0.511335897,0.531392903,0.184953321,0.419042687,0.277419266,0.054750493,0.604797043,0.01568173,0.397208225,0.540780593,0,0,1,0.511013216,0.908163265,0.867346939,0.060344828,0.957894737,0.947916667,0.833333333,0.333333333,0.333333333,0.117021277,1
0.684866043,0.117886657,0.645290434,0.002161935,0.018701244,0.024170066,0.036557149,0.427602945,0.330792627,0.03338429,0.078988204,0.425579009,0.454647594,0.355761888,0.250366639,0.372181686,0.271194567,0.06132946,0.471955716,0.015744404,0.387973681,0.608053432,0,0,1,0.45814978,0.908163265,0.867346939,0.068965517,0.957894737,0.947916667,0.833333333,0.333333333,0.333333333,0.117021277,1
0.692543432,0.122545603,0.638700611,0.003945378,0.031076147,0.021883011,0.028566512,0.396916265,0.332095828,0.046284811,0.057381555,0.209126669,0.664346768,0.543811534,0.142681218,0.18492099,0.273890401,0.043561279,0.460885606,0.017266969,0.374754521,0.825950728,0,0,1,0.224669604,0.908163265,0.867346939,0.077586207,0.957894737,0.947916667,0.833333333,0.333333333,0.333333333,0.117021277,1
0.517285938,0.111054656,0.652108638,0.008385505,0.034961328,0.023777247,0.035106746,0.480461534,0.333027455,0.046310823,0,0.406457688,1,1,0.061891801,0.093783541,0.24329024,0.044772883,0.416605163,0.017896747,0.357302219,1,0,0,1,0.436123348,0.908163265,0.867346939,0.086206897,0.957894737,0.947916667,0.833333333,0.333333333,0.333333333,0.117021277,1
0.588942701,0.166422417,0.655901037,0.002574396,0.052621935,0.04451185,0.04730894,0.390840296,0.311077679,0.042948522,0.034277936,0.388408036,0.869953333,0,0.074399248,0.08402252,0.253027105,0.059028377,0.372324721,0.017578368,0.339629176,0.581512915,0,0,1,0.418502203,0.918367347,0.897959184,0,0.968421053,0.947916667,0.833333333,0.333333333,0.333333333,0.117021277,1
0.518046546,0.193439684,0.655305837,0.00252415,0.051541171,0.056197204,0.055128328,0.362496305,0.323888895,0.04039926,0.123758145,0.504398737,0.176810021,0.704856282,0.14485423,0.048714949,0.240932853,0.067070173,0.305904057,0.016845756,0.323519634,0.351363449,0,0,1,0.54185022,0.918367347,0.897959184,0.00862069,0.968421053,0.947916667,0.833333333,0.333333333,0.333333333,0.063829787,0
0.329462989,0.322789993,0.658209795,0.003485329,0.051987016,0.068855925,0.06380838,0.357763533,0.346953392,0.033248557,0.137790196,0.54838498,0.225720147,0.626428516,0.155327915,0.011207256,0.248867255,0.082155747,0.283763836,0.015441943,0.310907521,0.320109883,0,0,1,0.59030837,0.918367347,0.897959184,0.017241379,0.968421053,0.947916667,0.833333333,0.333333333,0.333333333,0.063829787,0
0.37282944,0.401771617,0.649681247,0.005462425,0.045575063,0.080927512,0.067268341,0.317031617,0.260128997,0.041863613,0.166461701,0.508888584,0.196351724,0.40265438,0.116573202,0.091412965,0.301487829,0.102861476,0.333579344,0.014835321,0.296674203,0.189101186,0,0,1,0.546255507,0.918367347,0.897959184,0.025862069,0.968421053,0.947916667,0.833333333,0.333333333,0.333333333,0.063829787,0
0.539622377,0.458075786,0.642749194,0.004996162,0.045028357,0.098835049,0.072531974,0.274722384,0.222066923,0.03663496,0.204632723,0.481202354,0.143682181,0.236745279,0.135865494,0.212159078,0.364999703,0.125203425,0.343542434,0.014442486,0.283384545,0.167159621,0,0,1,0.515418502,0.918367347,0.897959184,0.034482759,0.968421053,0.947916667,0.833333333,0.333333333,0.333333333,0.063829787,0
0.570421575,0.577348159,0,0.004784989,0.026904257,0.104489376,0.08065656,0.318771501,0.1727984,0.031034577,0.210349792,0.41544665,0.101304599,0.19355982,0.116375217,0.30954256,0.301401813,0.183937289,0.357933564,0.013882004,0.272352699,0.175629065,0,0,1,0.480176212,0.918367347,0.897959184,0.043103448,0.968421053,0.947916667,0.833333333,0.333333333,0.333333333,0.063829787,0
0.409327826,0.590075753,0.805683609,0.000773696,0.033665526,0.123081554,0.09284787,0.298501683,0.28556058,0.051246079,0.29916706,0.538739623,0.080797287,0.214325046,0.595748035,0.375207504,0.328438884,0.201648707,0.476383767,0.013787058,0.29133557,0.158181132,0,0,1,0.577092511,0.93877551,0.93877551,0,0.968421053,0.989583333,0.833333333,0.333333333,0.333333333,0.063829787,1
0.593678941,0.469696906,1,0.004432808,0.070288797,0.107204919,0.114615013,0.40945469,0.38137442,0.060773782,0.156461335,0.077106365,0.287173285,0.290352205,0.136494351,0.327559362,0.258115196,0.103272252,0.770848692,0.014777969,1,0.419303311,0,0,0,0.083700441,0.93877551,0.93877551,0,0.968421053,0.989583333,0.833333333,0.333333333,0.333333333,0.031914894,1
0.772586477,0.397555681,0.739854808,0.004484957,0.079903064,0.135216751,0.141185355,0.405763747,0.250305449,0.053871993,0.200584002,0.614039734,0.282602447,0.258999438,0.126152055,0.281151622,0.224979893,0.13302884,0.590405876,0.016433822,0.5930455,0.277982078,0,0,0,0.660792952,0.93877551,0.93877551,0,0.968421053,0.989583333,0.833333333,0.333333333,0.333333333,0.031914894,1
0.716542875,0.392991215,0.56621256,0.005561223,0.076051337,0.165258288,0.16104843,0.386032723,0.302179296,0.059398578,0.258125943,0.617064334,0.181357772,0.452105735,0.12901565,0.248269139,0.235876997,0.17492459,0.454243514,0.034015182,0.341485667,0.17223251,0,0,0,0.660792952,0.959183674,0.959183674,0,0.978947368,0.989583333,0.75,0.333333333,0.333333333,0.031914894,0
0.331599462,0.345005543,0.799596935,0.00586004,0.081256513,0.188051856,0.171352722,0.353791509,0.320643798,0.057029843,0.279362717,0.547898239,0.146777798,0.197114702,0.116850011,0.193745318,0.257498379,0.19568794,0.397785977,0.024824311,0.415975043,0.162657211,0,0,0,0.59030837,0.959183674,0.959183674,0.00862069,0.978947368,0.989583333,0.75,0.333333333,0.333333333,0.010638298,0
0.352709921,0.300761304,0.697617419,0.005079081,0.080369379,0.211234508,0.19584716,0.368889543,0.268517593,0.055343437,0.311401735,0.448835158,0.151616117,0.205521694,0.136349881,0.177571854,0.306296217,0.223546607,0.272693715,0.014076197,0.369783389,0.122082869,0,0,0,0.484581498,0.959183674,0.959183674,0.017241379,0.989473684,0.989583333,0.833333333,0.333333333,0.333333333,0.021276596,0
0.482409368,0.260550339,0.64875864,0.004786557,0.084626661,0.259529371,0.238535364,0.362110488,0.31611405,0.059951125,0.380288957,0.538796053,0.099391282,0.055148308,0.11419097,0.294146417,0.332155529,0.268513387,0.278228791,0.008787021,0.24945553,0.086853492,0,0,0,0.577092511,0.979591837,0.979591837,0.025862069,0.989473684,1,0.583333333,0.333333333,0,0.191489362,0
0.408135173,0.184037809,0.690153328,0.005726737,0.07227128,0.251426315,0.227416849,0.368597493,0.298512592,0.083077835,0.425358354,0.31904779,0.076394399,0.206144347,0.107877018,0.405454959,0.360257382,0.266241756,0.276014771,0,0.176467126,0.06555262,0,0,0,0.343612335,0.979591837,0.979591837,0.034482759,0.989473684,1,0.416666667,0.333333333,0,0.191489362,0
0.320730593,0.319206027,0.55586723,0.006398126,0.071172988,0.252847616,0.230896597,0.382663738,0.336751399,0.06019223,0.435591121,0.334030137,0.066551627,0.117012023,0.094286247,0.479534659,0.398395825,0.262592354,0.316974168,0.008162479,0.095517688,0.039468488,0,0,0,0.36123348,0.979591837,0.979591837,0.043103448,0.989473684,1,0.416666667,0.333333333,0.333333333,0.191489362,0
0.270170037,0.302802086,0.566496607,0.008003335,0.079402172,0.255676513,0.235619034,0.403495082,0.29872443,0.05819802,0.419251595,0.395112123,0.062989801,0.144654642,0.074966178,0.513933946,0.448782697,0.254558404,0.367896681,0.010121301,0.074533522,0.032394527,0,0,0,0.422907489,0.979591837,0.979591837,0.051724138,0.989473684,1,0.416666667,0.333333333,0.333333333,0.191489362,0
0.289099187,0.257050356,0.44811999,0.008125138,0.087098069,0.293603629,0.268251258,0.406011696,0.30237264,0.070362704,0.430287172,0.496798829,0.064031556,0.168620958,0.074313647,0.51162105,0.406811124,0.282787397,0.421033214,0.007716709,0.081876508,0.028278289,0,0,0,0.533039648,0.979591837,0.979591837,0.060344828,0.989473684,1,0.416666667,0.333333333,0,0.191489362,0
0.234713844,0.272868517,0.592695505,0.008376649,0.088158423,0.330293781,0.305668488,0.404833327,0.397642787,0.06500601,0.48851121,0.430515534,0.058875725,0.148703433,0.072961449,0.494936855,0.40945436,0.320883162,0.378966781,0.012742646,0.121725823,0.036300126,0,0,0,0.462555066,0.979591837,0.979591837,0.068965517,0.989473684,1,0.416666667,0.333333333,0,0.191489362,0
0.30119257,0.323140621,0.502504447,0.007726534,0.093213063,0.38151128,0.354144638,0.411542661,0.331752926,0.054450749,0.536384357,0.520409494,0.05623587,0.127502635,0.076520714,0.45676651,0.395838906,0.371324717,0.380073791,0.025677996,0.083174433,0.034615013,0,0,0,0.559471366,0.979591837,0.979591837,0.077586207,0.989473684,1,0.416666667,0.333333333,0,0.191489362,0
0.192692902,0.292982397,0.52438651,0.008204058,0.094861246,0.419097209,0.385160536,0.399521056,0.329876494,0.065978634,0.579617106,0.429843104,0.058719596,0.149863746,0.072555005,0.41405049,0.40052049,0.408278659,0.386715877,0.034648197,0.084039673,0.033649584,0,0,0,0.462555066,0.979591837,0.979591837,0.086206897,0.989473684,1,0.25,0,0,0.191489362,0
0.167824464,0.256808906,0.549501418,0.008513563,0.097164419,0.454255216,0.408777714,0.386768214,0.231844004,0.061405765,0.606934303,0.382667519,0.067245515,0.141781543,0.070423215,0.402068613,0.425414463,0.454608001,0.413284117,0.031679493,0.104257482,0.031938142,0,0,0,0.40969163,0.979591837,0.979591837,0.094827586,0.989473684,1,0.333333333,0,0,0.191489362,0
0.191769734,0.277506467,0.571148481,0.011129942,0.092919921,0.352453211,0.324640409,0.400616055,0.416127247,0.053012027,0.509708293,0.118430548,0.068514486,0.158773087,0.05843222,0.363671846,0.51661095,0.351860015,0.578228793,0.039728668,0.075284007,0.021072679,0,0,0,0.127753304,0.979591837,0.979591837,0.103448276,0.989473684,1,0.333333333,0,0,0.191489362,0
0.152947216,0.367657804,0.490091313,0.01144919,0.104163165,0.447076476,0.417659752,0.4092402,0.160099212,0.064815041,0.589488904,0.54601563,0.060117436,0.166793967,0.058345225,0.335137661,0.505428742,0.403529686,0.571586733,0.04247181,0.043778327,0.012664671,0,0,0,0.585903084,0.979591837,0.979591837,0.112068966,0.989473684,1,0.333333333,0,0,0.191489362,0
0.169652762,0.377290631,0.434141985,0.012317726,0.11051928,0.521250489,0.487346343,0.397475877,0.092160033,0.05025427,0.64541601,0.486212511,0.054600898,0.148768702,0.050199312,0.305729873,0.505868025,0.464921167,0.557195576,0.047452138,0.037244688,0.009961471,0,0,0,0.524229075,0.979591837,0.979591837,0.120689655,0.989473684,1,0.416666667,0,0,0.191489362,0
0.269700361,0.456402429,0.486107186,0.013532212,0.115909338,0.547917941,0.515562826,0.386062956,0,0.041801034,0.667799197,0.485362374,0.059784555,0.149450597,0.044629648,0.27153691,0.518897315,0.485113066,0.526199243,0.053522564,0.033183236,0.011286741,0,0,0,0.519823789,0.979591837,0.979591837,0.129310345,0.989473684,1,0.416666667,0,0,0.191489362,0
0.153699035,0.47812668,0.560584093,0.013961932,0.111211811,0.563342581,0.530814916,0.366099045,0.085771043,0.083342677,0.724221072,0.391319095,0.057538337,0.137773215,0.047132848,0.260487847,0.537686836,0.478938978,0.528413263,0.065589646,0.025943257,0.013919729,0,0,0,0.422907489,0.979591837,0.979591837,0.137931035,0.989473684,1,0.416666667,0,0,0.191489362,0
0.174140256,0.436248656,0.435211566,0.014748007,0.113934282,0.592137411,0.557859643,0.377713265,0.083615463,0.052926098,0.725323076,0.452789633,0.059100693,0.163097524,0.046595713,0.285131165,0.537961375,0.488411985,0.517343163,0.066481153,0.013243864,0.00874152,0,0,0,0.484581498,0.979591837,0.979591837,0.146551724,0.989473684,1,0.416666667,0,0,0.191489362,1
0.192327835,0.345515738,0.485985167,0.015048796,0.1283943,0.583577695,0.538302386,0.362360169,0.231484027,0.068259596,0.660321335,0.471011898,0.049545291,0.163073365,0.049285574,0.258239536,0.547349013,0.464773999,0.46199261,0.077386475,0.011257284,0.006099755,0,0,0,0.50660793,0.979591837,0.979591837,0.155172414,0.989473684,1,0.416666667,0,0,0.191489362,1
0.292060871,0.262756987,0.436778344,0.016400343,0.140061159,0.573116181,0.531513376,0.370903649,0.182240173,0.076886273,0.594057702,0.443779123,0.050289324,0.164017121,0.045635296,0.197824667,0.523787905,0.434754544,0.412177107,0.085763624,0.034478192,0.013454568,0,0,0,0.475770925,0.979591837,0.979591837,0.163793103,0.989473684,1,0.416666667,0,0,0.191489362,1
0.221771377,0.247856339,0.485751359,0.014950899,0.142532737,0.623025827,0.580670963,0.38182574,0.266350179,0.064357733,0.628715486,0.422514527,0.073992393,0.156833304,0.053751861,0.152018149,0.49354255,0.452670538,0.363468641,0.091063153,0.080007652,0.028287066,0,0,0,0.453744493,0.979591837,0.979591837,0.172413793,0.989473684,1,0.416666667,0,0,0.191489362,0
0.179771538,0.281646819,0.569341435,0.014234337,0.150611461,0.687956303,0.638747012,0.376219581,0.27915482,0.068336049,0.673122182,0.425879095,0.065584458,0.113500106,0.055571131,0.09009066,0.489989092,0.475872148,0.346863464,0.088062113,0.09250103,0.034342938,0,0,0,0.45814978,0.979591837,0.979591837,0.181034483,0.989473684,1,0.416666667,0,0,0.191489362,0
0.187454493,0.278650732,0.610609832,0.014163329,0.144309857,0.675663127,0.655766409,0.412974865,0.289505929,0.055606052,0.703273883,0.328027168,0.056283676,0.1146074,0.056216759,0.03900201,0.476134071,0.46239513,0.370110701,0.096233531,0.099373124,0.037037362,0,0,0,0.352422908,0.979591837,0.979591837,0.189655172,0.989473684,1,0.416666667,0,0,0.191489362,0
0.235132139,0.22324098,0.54428808,0.018025324,0.142633678,0.555965221,0.572911447,0.470450642,0.381195057,0.064815358,0.608039604,0,0.054523275,0.171170233,0.050860726,0,0.566353243,0.363586612,0.47749075,0.1031802,0.062511037,0.015306436,0,0,0,0,0.979591837,0.979591837,0.198275862,0.989473684,1,0.416666667,0,0,0.191489362,0
0.166436525,0.316951706,0.392795163,0.015809726,0.154845605,0.738991567,0.695950356,0.410771969,0.549283983,0.062160571,0.6947906,0.532825977,0.071399217,0.145607908,0.050910035,0.00828968,0.508824748,0.452828748,0.43763839,0.110943368,0.036906233,0.006687789,0,0,0,0.572687225,0.979591837,0.979591837,0.206896552,0.989473684,1,0.416666667,0,0,0.191489362,0
0.261707954,0.57705002,0.669097804,0.011713008,0.042327685,0,4.58E-05,0.306668001,0.325165491,0.026453739,0.038812218,0.804519425,0.028868409,0.167877695,0.05220715,0.190786675,0.465153263,0.001888466,0,0.443020822,0.191668868,0.106466146,0,0,1,0.636938406,0.93877551,0.918367347,0.00862069,0.957894737,1,0.666497248,1,0.666666667,0.031914894,0
0.265887295,0.577847857,0.685445849,0.010730733,0.043264949,1.90E-05,0.000198895,0.302502202,0.325173651,0.025159127,0.038808079,0.536861129,0.033084452,0.191008299,0.067364862,0.190763224,0.486340169,0.001955951,0.00590406,0.44302144,0.196528569,0.108745957,0,0,1,0.633786784,0.897959184,0.826530612,0,0.936842105,0.958333333,0.666064629,1,0.666666667,0.031914894,0
0.273987014,0.577230583,0.699915568,0.011879888,0.049297612,0.000266896,0.000610159,0.307740995,0.325169262,0.030403655,0.038932614,0.511508757,0.065131095,0.234909156,0.065859236,0.190572032,0.439911695,0.002198281,0.041328413,0.443052303,0.1984081,0.111297238,0,0,1,0.631632012,0.897959184,0.826530612,0.00862069,0.936842105,0.958333333,0.665547461,1,0.666666667,0.021276596,0
0.283578651,0.578114502,0.724870555,0.011202988,0.052290965,0.001092025,0.00131551,0.303872022,0.325145838,0.028371994,0.039580759,0.756371653,0.143694353,0.231428657,0.060833322,0.190196042,0.349503894,0.003225674,0.032472326,0.443125315,0.202460942,0.113616584,0,0,1,0.630391018,0,0,0,0,0,0.666278076,1,0.666666667,0.021276596,0
0.300202628,0.577058418,0.743287432,0.01298155,0.068467728,0.002608511,0.002572144,0.304503165,0.325101334,0.03939854,0.040722018,0.519224845,0.208507489,0.215616895,0.044251615,0.189656687,0.318910919,0.00456331,0.03690037,0.443192773,0.205133706,0.115725081,0,0,1,0.624848154,0.93877551,0.928571429,0,0.957894737,1,0.666894694,1,0.666666667,0.010638298,0
0.180924741,0.577423744,0.75405239,0.011355758,0.058598598,0.002795247,0.002271422,0.331602392,0.325486528,0.025971899,0.042615932,0.539944823,0.06875552,0.186477609,0.06308054,0.188997464,0.393695808,0.004940361,0.034686346,0.443216585,0.203598318,0.117641896,0,0,1,0.623071161,0.93877551,0.928571429,0.00862069,0.957894737,1,0.667411241,1,0.666666667,0.021276596,0
0.158187772,0.577786969,0.686416601,0.010624496,0.062357587,0.003392607,0.003210583,0.363394376,0.325499206,0.024130566,0.043636615,0.718987386,0.060062799,0.21673837,0.075919635,0.189431697,0.443838106,0.005801857,0.051291516,0.443175838,0.145505916,0.116272742,0,0,1,0.636126537,0.897959184,0.826530612,0,0.936842105,0.958333333,0.667840113,1,0.666666667,0.021276596,0
0.207180975,0.793509389,0.627838395,0.009137291,0.067978095,0.004981705,0.003891718,0.300029621,0.325493399,0.025315778,0.044937801,0.740221111,0.085475359,0.210209765,0.090587585,0.190478985,0.418360428,0.007995954,0.084501843,0.443071624,0.14293072,0.084150291,0,0,1,0.66204404,0,0,0,0,0,0.668192336,1,0.666666667,0.010638298,0
0.318920349,0.874204263,0.506511428,0.008300669,0.064841317,0.006032741,0.004993848,0.316018459,0.325086154,0.020197434,0.046634946,0.758809361,0.087851909,0.207789269,0.094306731,0.191690777,0.460046902,0.009647924,0.06789668,0.442941195,0.14440226,0.084150291,0,0,1,0.681763571,0.928571429,0.918367347,0,0.957894737,0.989583333,0.667899002,1,0.666666667,0.010638298,0
0.297697577,0.739376176,0.605425927,0.006586724,0.083301823,0.009080047,0.00686694,0.255597234,0.324522652,0.019695465,0.048462683,0.556440245,0.102378723,0.17756189,0.087062045,0.192468136,0.519278025,0.011306471,0.086715869,0.442826907,0.179351345,0.086783279,0,0,1,0.697637165,0.928571429,0.918367347,0.00862069,0.957894737,0.989583333,0.667065259,1,0.666666667,0.106382979,0
0.285494826,0.582771348,0.573137019,0.004583375,0.089427445,0.011547557,0.009031568,0.281419541,0.324976881,0.026165052,0.050241985,0.548293437,0.174569273,0.228424381,0.115352632,0.192519567,0.545422222,0.014831443,0.087822879,0.442775556,0.235637766,0.126278096,0,0,1,0.563876652,0.928571429,0.918367347,0.017241379,0.957894737,0.989583333,0.665204508,1,0.666666667,0.106382979,0
0.306725669,0.556833261,0.753174674,0.004738176,0.088230057,0.012464542,0.009710524,0.260844217,0.325255258,0.030317041,0.05226655,0.578432204,0.122738646,0.186144133,0.144915792,0.191878812,0.581210911,0.016192553,0.124354243,0.442829504,0.254399906,0.131544072,0,0,1,0.621145374,0.928571429,0.918367347,0.025862069,0.957894737,0.989583333,0.66307241,1,0.666666667,0.106382979,0
0.311860043,0.521722151,0.865274352,0.003933038,0.073168046,0.010437068,0.009811542,0.360128925,0.325125369,0.025069295,0.0538107,0.555642201,0.068232708,0.235170268,0.177557743,0.190505264,0.606752089,0.016377569,0.279335801,0.443028237,0.249985285,0.136810048,0,0,1,0.599118943,0.928571429,0.918367347,0.034482759,0.957894737,0.989583333,0.661305816,1,0.666666667,0.106382979,0
0.36308392,0.499126579,0.859082479,0.003735073,0.072783697,0.0130451,0.009367993,0.265182288,0.324911604,0.030976968,0.055921836,0.565171084,0.05695047,0.238038783,0.237736263,0.188468921,0.590185911,0.019106151,0.305904068,0.443391799,0.219082936,0.136810048,0,0,1,0.607929515,0.928571429,0.918367347,0.043103448,0.957894737,0.989583333,0.659858614,1,0.666666667,0.106382979,0
0.38908666,0.496613394,0.999375408,0.004344956,0.074390155,0.013067712,0.010836823,0.310814599,0.324656285,0.032428492,0.05735628,0.572085025,0.035883735,0.211493364,0.266114193,0.18606015,0.612620857,0.020093899,0.305904068,0.443928451,0.247042204,0.136810048,0,0,1,0.616740088,0.928571429,0.918367347,0.051724138,0.957894737,0.989583333,0.67431484,1,0.666666667,0.106382979,0
0.483066376,0.382925877,0.94587308,0.00543032,0.076937807,0.011911676,0.010671435,0.334213425,0.320674106,0.02335278,0.055631821,0.526663172,0.047418405,0.158386342,0.227519884,0.183723787,0.640337146,0.01763539,0.530627283,0.443934809,0.23453411,0.136810048,0,0,1,0.563876652,0.928571429,0.918367347,0.060344828,0.957894737,0.989583333,0.673677493,1,0.666666667,0.106382979,0
0.455920755,0.321664623,0.872466922,0.006350259,0.076974466,0.012001902,0.013343604,0.431101575,0.325652445,0.026539497,0.058011121,0.56310075,0.043074551,0.172359136,0.21053739,0.181746007,0.580967281,0.018597868,0.372324721,0.443478519,0.186709047,0.102581206,0,0,1,0.603524229,0.928571429,0.918367347,0.068965517,0.957894737,0.989583333,0.673093257,1,0.666666667,0.106382979,0
0.332087189,0.274376008,0.695174622,0.007841608,0.095876365,0.017687512,0.018103184,0.403301496,0.323631158,0.028007059,0.061178132,0.726883879,0.047674078,0.209950058,0.183473595,0.194208265,0.471200086,0.023660454,0.623616229,0.442727618,0.154335158,0.099948218,0,0,1,0.779735683,0.928571429,0.918367347,0.077586207,0.957894737,0.989583333,0.672557708,1,0.666666667,0.106382979,0
0.305768423,0.463064364,0.654119656,0.009893885,0.119771355,0.027109436,0.02578089,0.36138835,0.322639162,0.046431971,0.066600358,0.881791739,0.0579531,0.200439373,0.157861935,0.201999151,0.372979338,0.032436956,0.321402208,0.44192527,0.155070928,0.099948218,0,0,1,0.947136564,0.93877551,0.928571429,0.086206897,0.957894737,1,0.672066788,1,0.666666667,0.106382979,0
0.247707956,0.54521424,0.669352094,0.01333736,0.13148594,0.035128603,0.032281713,0.344803599,0.317490143,0.057608309,0.071992386,0.836681487,0.068942273,0.253601683,0.128443638,0.205020492,0.33257379,0.04323697,0.138745386,0.441506478,0.166843252,0.099948218,0,0,1,0.898678414,0.93877551,0.928571429,0.094827586,0.957894737,1,0.664672333,1,0.666666667,0.031914894,0
0.256145109,0.620391444,0.753825639,0.015875442,0.139404648,0.046690867,0.037481412,0.236157539,0.325698777,0.064430961,0.07890664,0.794623452,0.072685954,0.249342751,0.117482957,0.20101908,0.323661059,0.059986657,0.229520298,0.441569742,0.205103302,0.128911084,0,0,1,0.872246696,0.93877551,0.928571429,0.103448276,0.957894737,1,0.657894083,1,0.666666667,0.031914894,0
0.196880785,0.694373992,0.78748898,0.018226481,0.145712461,0.055176776,0.045751842,0.253801438,0.325930169,0.050763927,0.085595073,0.687400958,0.071551194,0.209712672,0.107123735,0.193085307,0.309529216,0.071388376,0.276014771,0.442210688,0.222393902,0.143831348,0,0,1,0.731277533,0.908163265,0.887755102,0,0.957894737,0.958333333,0.644736243,1,0.666666667,0.031914894,0
0.208369934,0.73857414,0.724676944,0.018682245,0.144500786,0.060531941,0.053591767,0.297733898,0.320515868,0.04817032,0.093209258,0.66788433,0.059988005,0.184590446,0.108137072,0.184830503,0.361550952,0.076447381,0.134317346,0.443422931,0.165371711,0.093365748,0,0,1,0.766519824,0.989795918,0.989795918,0,1,1,0.639619334,1,0.666666667,0.021276596,0
0.196513794,0.901452483,0.620309246,0.019438262,0.144011581,0.070201633,0.061924187,0.313260585,0.2961162,0.039829104,0.10094262,0.674810605,0.053900156,0.207094534,0.107325971,0.175396245,0.446284394,0.088142878,0.149815499,0.445214301,0.147713226,0.090732761,0,0,1,0.744493392,0.989795918,0.989795918,0.00862069,1,1,0.641873278,1,0.666666667,0.138297872,0
0.203171043,0.933939129,0.67519802,0.020496816,0.152229178,0.084317346,0.073450822,0.301193364,0.311161402,0.031959927,0.11154965,0.664334909,0.066676937,0.153347565,0.09878288,0.166069138,0.450201553,0.102893633,0.134317346,0.447390981,0.14293072,0.088977435,0,0,1,0.713656388,0.989795918,0.989795918,0.017241379,1,1,0.643939394,1,0.666666667,0.138297872,0
0.175629814,0.924946671,0.716051507,0.02181729,0.172186987,0.109661238,0.092406267,0.247040021,0.303301158,0.036835812,0.122391096,0.669401995,0.07234869,0.199016337,0.095560282,0.159563679,0.465434024,0.122876729,0.106642069,0.449831619,0.184501736,0.121889783,0,0,1,0.718061674,0.989795918,0.989795918,0.025862069,1,1,0.833333333,1,0.666666667,0.138297872,0
0.191397576,0.887505039,0.780663187,0.02114415,0.159326238,0.11130245,0.093889527,0.246969652,0.305578226,0.037752847,0.131166656,0.567955192,0.072252425,0.152920943,0.100386872,0.158023786,0.491059182,0.134033509,0.103321039,0.444004755,0.187076932,0.108724844,0,0,1,0.612334802,0.989795918,0.989795918,0.034482759,1,1,0.666666667,0.666666667,0.666666667,0.138297872,1
0.234865339,0.723946436,0.777217641,0.017807018,0.184610418,0.094186025,0.095257177,0.375756914,0.301288528,0.059895159,0.113588863,0.222499369,0.0709324,0.210716033,0.1496123,0.159990429,0.529426611,0.091030947,0.081180813,0.438459326,0.191491553,0.110699585,1,0,1,0.237885463,0.989795918,0.989795918,0.043103448,1,1,0.666666667,0.666666667,0.666666667,0.138297872,1
0.278889943,0.593393073,0.672854402,0.026118212,0.196782987,0.063828319,0.086477248,0.687091083,0.323580411,0.124469523,0.092143907,0.021918864,0.088371937,0.149357843,0.107357122,0.331293108,0.604741777,0.043535577,0.361254621,0.434467701,0.205103302,0.112016079,0,0,0,0.026431718,0.989795918,0.989795918,0.051724138,1,1,0.666666667,0.666666667,0.666666667,0.138297872,1
0.330076993,0.507390486,0.884141292,0.027726798,0.197875781,0.074738769,0.093986587,0.628900534,0.32609322,0.09728783,0.106112529,0.52358354,0.03161264,0.108776802,0.102557589,0.287698891,0.643492345,0.044726575,0.313653138,0.433099447,0.109085291,0.050140865,0,0,0,0.563876652,0.989795918,0.989795918,0.060344828,1,1,0.666666667,0.666666667,0.666666667,0.138297872,0
0.246637701,0.391349352,0.691853001,0.026090168,0.246183506,0.09562273,0.107942984,0.57659633,0.329294086,0.06106762,0.103242686,0.518772498,0.041236266,0.115952863,0.109401813,0.23825525,0.644023253,0.04723593,0.249446505,0.436899764,0.08885161,0.034562354,0,0,0,0.559471366,0.989795918,0.989795918,0.068965517,1,1,0.583333333,0.666666667,0.666666667,0.138297872,0
0.384219382,0.412540312,0.650735888,0.027731684,0.243767168,0.091840186,0.100120086,0.509618171,0.330263029,0.087108085,0.099550489,0.477221806,0.041493484,0.190178946,0.114661421,0.157003546,0.636230434,0.046835493,0.272693715,0.442265654,0.078918712,0.02666339,0,0,0,0.511013216,0.989795918,0.989795918,0.077586207,1,1,0.583333333,0.666666667,0.666666667,0.138297872,0
0.351838703,0.397708949,0.660235188,0.029234856,0.23133762,0.09780809,0.107268993,0.493029486,0.33415147,0.058126301,0.107264825,0.588385003,0.034649979,0.092641258,0.099111881,0.105813808,0.613028014,0.051061315,0.186346869,0.449261087,0.048948339,0.003741768,0,0,0,0.629955947,0.989795918,0.989795918,0.086206897,1,1,0.5,0.333333333,0.666666667,0.138297872,0
0.235234149,0.393526606,0.634370804,0.027814126,0.235379931,0.112914435,0.123594833,0.485922161,0.325968927,0.074058547,0.116592255,0.631136156,0.042799765,0.12461006,0.101023175,0.094027654,0.594070781,0.061067253,0.155350549,0.45675761,0.021956084,0.003741768,0,0,0,0.678414097,0.989795918,0.989795918,0.094827586,1,1,0.583333333,0.333333333,0.666666667,0.138297872,0
0.166307399,0.41289304,0.498786779,0.029043146,0.260526662,0.143265627,0.150773777,0.453000476,0.308866437,0.073277475,0.126326556,0.594151399,0.049828782,0.121679368,0.091190159,0.071619412,0.608520257,0.075096884,0.152029519,0.464919369,0.030927432,0.011462594,0,0,0,0.63876652,0.989795918,0.989795918,0.103448276,1,1,0.666666667,0.333333333,0.666666667,0.138297872,0
0.207314029,0.575070126,0.45273242,0.027605283,0.285023414,0.177774879,0.171364486,0.332403156,0.290523906,0.089248816,0.13344413,0.507774136,0.062941721,0.123644717,0.093027329,0.06347096,0.649987446,0.091891343,0.134317346,0.471334455,0.033863383,0.017305165,0,0,0,0.546255507,0.989795918,0.989795918,0.112068966,1,1,0.666666667,0.333333333,0.666666667,0.138297872,0
0.142274951,0.598421543,0.504538633,0.030402424,0.276186277,0.196318396,0.201769582,0.441177953,0.299040905,0.083897771,0.15034432,0.5398382,0.063656588,0.136968219,0.080165507,0.08800362,0.638362836,0.104420669,0.119926203,0.476678641,0.061312743,0.045589978,0,0,0,0.581497797,0.897959184,0.846938776,0,0.957894737,0.947916667,0.583333333,0.333333333,0.666666667,0.010638298,0
0.178166262,0.611854592,0.588383589,0.033514957,0.266300958,0.217280519,0.240187534,0.545725745,0.346550648,0.071497255,0.175617681,0.559045293,0.046018267,0.124657508,0.068777718,0.141084963,0.670902177,0.117537019,0.115498149,0.379909252,0.057300048,0.029813742,0,0,0,0.599118943,0.918367347,0.887755102,0,0.968421053,0.947916667,0.583333333,0.333333333,0.666666667,0.010638298,0
0.120458724,0.644675071,0.488354126,0.038633384,0.29108343,0.272913536,0.276203886,0.425668903,0.324635434,0.065692392,0.1865979,0.406591651,0.069774334,0.143502009,0.05841852,0.18162351,0.702851421,0.13548852,0.115498149,0.37745961,0.053332536,0.026603687,0,0,0,0.436123348,0.948979592,0.93877551,0,0.978947368,0.989583333,0.583333333,0.333333333,0.333333333,0.010638298,0
0.103365465,0.864630224,0.626712345,0.049960816,0.241424592,0.209173593,0.24076887,0.587475666,0.32780409,0.05455838,0.189200898,0.30728419,0.023290577,0.127967441,0.044142924,0.212762237,0.828658556,0.114284884,0.149815499,0.390559823,0.034863692,0.010657701,0,0,0,0.330396476,0.948979592,0.93877551,0.00862069,0.978947368,0.989583333,0.666666667,0.333333333,0.666666667,0.042553191,0
0.071256905,1,0.473826234,0.051031607,0.260148135,0.28132452,0.301137436,0.49092728,0.299266717,0.088973549,0.214486791,0.644458181,0.053424561,0.155009567,0.041735551,0.255919929,0.814893057,0.1439533,0.053505536,0.418048648,0.02705939,0.012529573,0,0,0,0.691629956,0.948979592,0.93877551,0.017241379,0.978947368,0.989583333,0.583333333,0.333333333,0.333333333,0.042553191,0
0.058829495,0.86005946,0.510326345,0.04686447,0.289296719,0.346812389,0.349099107,0.47325968,0.292303727,0.027514184,0.230834674,0.370196019,0.057556005,0.182048941,0.053797657,0.275679925,0.841079445,0.168705337,0.057933583,0.478703258,0.040012378,0.025782851,0,0,0,0.396475771,0.969387755,0.969387755,0,0.989473684,1,0.583333333,0.333333333,0.333333333,0.042553191,0
0.082249011,0.824009843,0.578840422,0.045247068,0.284603651,0.371429923,0.364275852,0.392442902,0.307193486,0.070841566,0.248981696,0.63333711,0.051711558,0.151337126,0.057286525,0.261216423,0.857299866,0.189103405,0.04907749,0.501290438,0.042126919,0.027279333,0,0,0,0.678414097,0.969387755,0.969387755,0.00862069,0.989473684,1,0.583333333,0.333333333,0.333333333,0.031914894,0
0.073311782,0.856929001,0.579108035,0.039776023,0.272374822,0.373101747,0.375242231,0.373832261,0.351161136,0.080031643,0.261557041,0.446120233,0.045601187,0.131568538,0.072221966,0.280539894,0.858106483,0.188004482,0.012546127,0.526210856,0.039886402,0.025519509,0,0,0,0.480176212,0.969387755,0.969387755,0.017241379,0.989473684,1,0.5,0.333333333,0.333333333,0.031914894,0
0.135477617,0.805823367,0.587354416,0.038466204,0.268722644,0.346038843,0.370245032,0.480028047,0.390184251,0.036833053,0.255299803,0.376128071,0.043468154,0.114269549,0.077493861,0.301289344,0.900567666,0.176945486,0.04907749,0.539219365,0.03792134,0.018358204,0,0,0,0.405286344,0.897959184,0.867346939,0,0.957894737,0.958333333,0.416666667,0.333333333,0.333333333,0.031914894,0
0.10193002,0.835087174,0.60583028,0.039055887,0.254492295,0.311771142,0.360677424,0.56690475,0.414392059,0.05369738,0.253613528,0.464472921,0.022887823,0.112896159,0.076962792,0.311009283,0.916295673,0.173358991,0.051291516,0.55469872,0.034084555,0.014991344,0,0,0,0.497797357,0.897959184,0.867346939,0.00862069,0.957894737,0.958333333,0.416666667,0.333333333,0.333333333,0.053191489,0
0.076678456,0.821341289,0.528281888,0.041679499,0.244487998,0.300314878,0.368446984,0.643825602,0.34055921,0.030477412,0.255849957,0.476848166,0.030901664,0.111512176,0.068798286,0.313919445,0.896637138,0.172636155,0.061254613,0.54190039,0.029431023,0.013589823,0,0,0,0.511013216,0.897959184,0.867346939,0.017241379,0.957894737,0.958333333,0.416666667,0.333333333,0.333333333,0.053191489,0
0.07148366,0.892810652,0.552458491,0.044593954,0.245229798,0.336196967,0.404485948,0.62504084,0.337080033,0.046819028,0.280693377,0.5073649,0.03441678,0.116631229,0.061764162,0.325269074,0.853108172,0.18580893,0.076752766,0.53546469,0.028516973,0.013472071,0,0,0,0.546255507,0.897959184,0.867346939,0.025862069,0.957894737,0.958333333,0.583333333,0.666666667,0.333333333,0.053191489,0
0.083596219,0.771751545,0.559877595,0.04076911,0.245113525,0.385892546,0.436904921,0.538918655,0.357071072,0.060041953,0.309169281,0.509222119,0.037348722,0.11439703,0.069081537,0.329372401,0.843551308,0.203556216,0.0701107,0.533223408,0.023750662,0.013454568,0,0,0,0.546255507,0.897959184,0.867346939,0.034482759,0.957894737,0.958333333,0.666666667,0.666666667,0.333333333,0.053191489,0
0.122416699,0.698197309,0.573184375,0.041316593,0.218900977,0.371019778,0.430500751,0.56854288,0.372873343,0.031100816,0.330674175,0.424097935,0.034719325,0.107726918,0.067986738,0.360423823,0.843549087,0.216519927,0.06457565,0.530187293,0.022647007,0.014814945,0,0,0,0.45814978,0.897959184,0.867346939,0.043103448,0.957894737,0.958333333,0.7,0.766666667,0.333333333,0.053191489,0
0.094024544,0.76943152,0.630259976,0.051730398,0.191116149,0.313901532,0.342372335,0.505722748,0.390909759,0,0.312880996,0.081041221,0.02328895,0.105923824,0.064225769,0.378350416,0.971556558,0.204750617,0.106642069,0.599512398,0.008667373,0.006442044,0,0,0,0.088105727,0.897959184,0.867346939,0.051724138,0.957894737,0.958333333,0.766666667,0.866666667,0.333333333,0.053191489,0
0.087019874,0.737413978,0.506325096,0.047555775,0.235355178,0.402286523,0.391579965,0.374047699,0.386259967,0.011683389,0.307505599,0.400040376,0.038574441,0.103511866,0.062628306,0.388244965,0.997161935,0.210384742,0.100553511,0.596873699,0.004591206,0.004182062,0,0,0,0.431718062,0.897959184,0.867346939,0.060344828,0.957894737,0.958333333,0.833333333,0.966666667,0.333333333,0.053191489,0
